2.037167102098464966e-01,2.116214781999588013e-01,-2.772310934960842133e-02,-1.381885856389999390e-01,-1.104239895939826965e-01,7.185319811105728149e-02,1.977468430995941162e-01,3.260995075106620789e-02,-1.294205337762832642e-01,-1.194777805358171463e-02,-1.020311862230300903e-01,-6.169538572430610657e-02,1.497161835432052612e-01,1.873253285884857178e-01,4.133328050374984741e-02,-1.690792143344879150e-01,-8.445504121482372284e-03,6.985203921794891357e-02,-1.067560464143753052e-01,-1.272742599248886108e-01
2.361286580562591553e-01,1.354779954999685287e-02,-5.250843241810798645e-02,1.501279026269912720e-01,1.917689442634582520e-01,-2.110044807195663452e-01,-1.180885881185531616e-01,-2.189458310604095459e-01,-5.445887520909309387e-02,-7.727582706138491631e-04,-1.493263840675354004e-01,3.129678219556808472e-02,2.066889852285385132e-01,-1.631156951189041138e-01,1.232842803001403809e-01,-1.185870394110679626e-01,1.125593557953834534e-01,-3.591813147068023682e-02,1.335386037826538086e-01,1.341734975576400757e-01
-6.302604079246520996e-02,-2.009438127279281616e-01,-1.047726795077323914e-01,2.846776880323886871e-02,1.655068062245845795e-02,8.426319062709808350e-02,-2.054991126060485840e-01,1.334095746278762817e-01,-1.975036561489105225e-01,2.472943514585494995e-01,1.872083693742752075e-01,7.240150123834609985e-02,2.320928722620010376e-01,-1.491412112955003977e-04,2.338898479938507080e-01,-1.212047860026359558e-01,-1.061956360936164856e-01,-7.643959671258926392e-02,-1.209282949566841125e-01,8.850051462650299072e-02
2.696232795715332031e-01,-1.854886561632156372e-01,1.512274742126464844e-01,-2.385261058807373047e-01,-2.266378253698348999e-01,-1.474423408508300781e-01,-3.827141970396041870e-02,-2.288186363875865936e-02,-1.224105581641197205e-01,-1.939437091350555420e-01,-1.678001433610916138e-01,2.024207860231399536e-01,1.316119134426116943e-01,-2.524649724364280701e-02,1.021303143352270126e-02,1.258825957775115967e-01,2.142595825716853142e-03,-1.938385367393493652e-01,2.489061802625656128e-01,9.665711224079132080e-02
-1.331693977117538452e-01,-3.173772245645523071e-02,4.567641392350196838e-02,3.272004798054695129e-02,4.543732479214668274e-02,-2.000944167375564575e-01,-4.912699759006500244e-02,-2.405307739973068237e-01,-2.383973598480224609e-01,-1.356721818447113037e-01,1.840740740299224854e-01,5.430135503411293030e-02,1.307438760995864868e-01,1.090425625443458557e-01,-2.693653404712677002e-01,-2.665956132113933563e-02,5.787916481494903564e-02,7.782169431447982788e-02,9.273005276918411255e-02,1.719888299703598022e-01
2.273787111043930054e-01,1.485277116298675537e-01,6.062195170670747757e-03,-9.038127958774566650e-02,-6.847956776618957520e-02,1.325028389692306519e-01,-2.203232049942016602e-01,9.991462575271725655e-04,1.195020005106925964e-01,-1.114195734262466431e-01,2.156168371438980103e-01,-1.698226481676101685e-01,2.545223943889141083e-02,1.797652542591094971e-01,7.166530191898345947e-02,2.118273079395294189e-01,-7.294318079948425293e-02,1.817926764488220215e-01,-2.459604144096374512e-01,2.028829008340835571e-01
-9.739786386489868164e-02,4.099847748875617981e-03,9.669084846973419189e-02,3.824624419212341309e-02,3.863331303000450134e-02,2.054785341024398804e-01,1.386450678110122681e-01,1.538786198943853378e-02,5.167579650878906250e-02,-1.012630760669708252e-02,-9.770648181438446045e-02,1.809918284416198730e-01,-1.435351669788360596e-01,-1.653994321823120117e-01,-1.764030456542968750e-01,2.184684388339519501e-02,2.434360682964324951e-01,1.573942303657531738e-01,-4.761493299156427383e-03,8.533810824155807495e-02
2.038921713829040527e-01,-1.639611572027206421e-01,-2.093075513839721680e-01,1.229855641722679138e-01,1.241364106535911560e-01,6.495133042335510254e-02,-2.464291900396347046e-01,-4.994011297821998596e-02,7.822301983833312988e-02,1.190502792596817017e-01,2.377193123102188110e-01,-6.857024878263473511e-02,-1.733981370925903320e-01,1.176008060574531555e-01,7.208429276943206787e-02,2.412722706794738770e-01,1.935732215642929077e-01,-2.755983360111713409e-02,-8.925082162022590637e-03,1.578581519424915314e-02
-1.396452188491821289e-01,-1.128837987780570984e-01,1.463904380798339844e-01,-3.618949279189109802e-02,-3.959986940026283264e-02,1.950357258319854736e-01,-5.716370791196823120e-02,-6.202151998877525330e-02,2.141942530870437622e-01,2.115158736705780029e-01,1.626405715942382812e-01,-8.849206566810607910e-02,1.623513698577880859e-01,4.986968822777271271e-03,1.798255443572998047e-01,-1.055528372526168823e-01,-1.651984453201293945e-02,2.618116438388824463e-01,-2.879912219941616058e-02,1.143139079213142395e-01
-7.713347673416137695e-02,2.170576304197311401e-01,1.931666731834411621e-01,1.134481132030487061e-01,2.082705497741699219e-01,-6.891866028308868408e-02,-2.344480305910110474e-01,2.956699021160602570e-02,5.743121355772018433e-02,1.366353332996368408e-01,6.485816091299057007e-02,-1.574467420578002930e-01,-3.966229036450386047e-02,1.181936487555503845e-01,-1.223754063248634338e-01,6.903194636106491089e-02,-1.501684039831161499e-01,2.293465137481689453e-01,-1.399754546582698822e-02,-6.838357448577880859e-02
2.388786375522613525e-01,2.833422124385833740e-01,1.792245060205459595e-01,-6.860592216253280640e-02,-9.790317714214324951e-02,1.410845518112182617e-01,2.551454603672027588e-01,-2.130908332765102386e-02,-4.535709694027900696e-02,5.475906282663345337e-02,4.614876210689544678e-02,-1.716584116220474243e-01,9.093490988016128540e-02,-3.209258988499641418e-02,1.331416666507720947e-01,-5.133726075291633606e-02,1.921505928039550781e-01,-1.546723991632461548e-01,-9.026326984167098999e-02,-1.639668941497802734e-01
-2.350280284881591797e-01,7.344581931829452515e-02,-7.118511199951171875e-02,2.933442406356334686e-02,-9.442391246557235718e-02,1.389282941818237305e-01,2.963012270629405975e-02,-1.431528627872467041e-01,1.379886716604232788e-01,4.371361806988716125e-02,-1.389808654785156250e-01,1.978088766336441040e-01,-1.769106239080429077e-01,8.576836436986923218e-03,-1.932387948036193848e-01,-1.596847027540206909e-01,-1.252449601888656616e-01,-8.288548141717910767e-02,1.814399361610412598e-01,7.845729589462280273e-02
6.292273104190826416e-02,1.058036983013153076e-01,-1.930050104856491089e-01,5.828398466110229492e-02,3.015789017081260681e-02,-2.659648060798645020e-01,1.503267884254455566e-01,2.229264378547668457e-01,6.360102444887161255e-02,1.578743904829025269e-01,2.184055931866168976e-02,5.970261618494987488e-02,-1.782882511615753174e-01,-1.046163439750671387e-01,2.425494045019149780e-01,-2.303273677825927734e-01,2.576915323734283447e-01,-2.243253886699676514e-01,3.607979044318199158e-02,9.392715990543365479e-02
-1.805869638919830322e-01,-1.282403767108917236e-01,1.839177161455154419e-01,1.801316738128662109e-01,-1.907612383365631104e-01,1.571503132581710815e-01,-1.529688239097595215e-01,-7.314144074916839600e-02,-2.023213654756546021e-01,1.828823685646057129e-01,1.603238284587860107e-01,-1.159522756934165955e-01,-1.354058384895324707e-01,-6.850002706050872803e-02,7.840250432491302490e-02,1.873510330915451050e-01,-1.450594794005155563e-02,-3.479592502117156982e-02,4.930084943771362305e-02,-1.791213750839233398e-01
2.224492467939853668e-02,1.808241605758666992e-01,1.611973196268081665e-01,-1.018535345792770386e-02,-2.011691927909851074e-01,-1.261726021766662598e-01,2.603191137313842773e-01,-1.449992805719375610e-01,5.552619323134422302e-02,4.131940007209777832e-02,-4.780796542763710022e-02,-8.282820880413055420e-02,-1.103961542248725891e-01,1.046151965856552124e-01,-2.073712795972824097e-01,-6.394774466753005981e-02,-1.565957069396972656e-01,-8.852270245552062988e-02,-5.213907733559608459e-02,-1.043073236942291260e-01
-1.208180859684944153e-01,-7.759757339954376221e-02,-1.941821724176406860e-01,1.221124753355979919e-01,-3.672533482313156128e-02,9.970161318778991699e-02,1.991413980722427368e-01,1.422426570206880569e-02,9.686993807554244995e-02,-2.398371249437332153e-01,-3.039735928177833557e-02,2.142529189586639404e-01,-5.774414166808128357e-02,8.185905963182449341e-02,-1.583595871925354004e-01,-2.022253721952438354e-01,-6.056678295135498047e-02,2.037347108125686646e-02,-2.439427226781845093e-01,-2.575652897357940674e-01
4.103915020823478699e-02,-5.467405915260314941e-02,-5.798309668898582458e-02,-1.231884509325027466e-01,-1.107528209686279297e-01,-1.567699462175369263e-01,-2.481307461857795715e-02,1.917665004730224609e-01,-3.805416822433471680e-02,2.207455784082412720e-01,-1.468246579170227051e-01,1.283062398433685303e-01,-2.993318624794483185e-02,-1.607690304517745972e-01,6.984761450439691544e-03,-1.253289133310317993e-01,-1.960489749908447266e-01,2.000375092029571533e-01,1.769399940967559814e-01,1.359973102807998657e-01
1.007844433188438416e-01,-3.787743300199508667e-02,-2.695064842700958252e-01,1.635381579399108887e-01,2.119742780923843384e-01,1.805749088525772095e-01,2.017073035240173340e-01,-2.580899000167846680e-01,-1.061903834342956543e-01,1.331464201211929321e-01,-1.965171247720718384e-01,-2.909477800130844116e-03,1.563711911439895630e-01,-1.773962527513504028e-01,8.684791624546051025e-02,2.524195052683353424e-02,1.743988245725631714e-01,1.261094957590103149e-01,-2.263538837432861328e-01,-1.699196994304656982e-01
1.369453817605972290e-01,-1.596444100141525269e-01,-9.913981892168521881e-03,5.326882749795913696e-02,3.479955345392227173e-02,-1.562565118074417114e-01,-1.773446202278137207e-01,-5.856520682573318481e-02,-8.128372579813003540e-02,-1.959745287895202637e-01,2.348366566002368927e-02,-1.765999048948287964e-01,-1.185777634382247925e-01,1.168808341026306152e-01,2.242572903633117676e-01,-1.190627515316009521e-01,1.282008290290832520e-01,1.696688830852508545e-01,-9.537794627249240875e-03,2.404311448335647583e-01
-1.475585997104644775e-01,1.431080400943756104e-01,2.406914979219436646e-01,-1.875018775463104248e-01,-8.738545328378677368e-02,-5.722846090793609619e-02,9.460639953613281250e-02,-2.555399835109710693e-01,2.163110971450805664e-01,1.369477957487106323e-01,5.626802146434783936e-02,-1.250533312559127808e-01,-2.580466866493225098e-02,5.318478867411613464e-02,5.150561779737472534e-02,-1.265073120594024658e-01,9.345067292451858521e-02,1.216685026884078979e-01,-3.133700788021087646e-02,-5.894763767719268799e-02
-1.890473365783691406e-01,1.337641477584838867e-01,3.258538199588656425e-03,-1.393284350633621216e-01,1.054181307554244995e-01,-1.852670460939407349e-01,-2.593589723110198975e-01,9.653459489345550537e-02,-4.229566548019647598e-03,6.344866752624511719e-02,-2.622582018375396729e-01,1.040432602167129517e-02,1.705146282911300659e-01,-1.749162226915359497e-01,1.644372045993804932e-01,-6.467673182487487793e-02,-2.357910424470901489e-01,-4.031140357255935669e-02,1.788506805896759033e-01,1.226837411522865295e-01
5.576818808913230896e-02,-1.301601827144622803e-01,-2.315890491008758545e-01,-4.860923066735267639e-02,-1.697603762149810791e-01,-2.607039213180541992e-01,-6.007444858551025391e-02,-5.014023557305335999e-02,7.287330180406570435e-02,-2.172556221485137939e-01,-8.003459125757217407e-02,1.712049841880798340e-01,1.144545525312423706e-02,2.230582386255264282e-01,-1.958141624927520752e-01,-1.570295542478561401e-02,-7.253340631723403931e-02,1.920040249824523926e-01,5.934957414865493774e-02,1.493786722421646118e-01
7.772453874349594116e-02,2.113452851772308350e-01,-2.576253414154052734e-01,-6.013904511928558350e-02,1.750480383634567261e-01,-4.737361147999763489e-02,-9.660162322688847780e-05,-2.159545868635177612e-01,-5.029493942856788635e-02,6.854979693889617920e-02,-1.038455590605735779e-01,2.427244037389755249e-01,-8.453086018562316895e-02,-1.316169183701276779e-02,1.100395396351814270e-01,-9.199802577495574951e-02,1.089111063629388809e-02,-1.203896012157201767e-02,-5.023166537284851074e-02,2.459430098533630371e-01
1.288847923278808594e-01,2.126420289278030396e-01,5.579816550016403198e-02,1.761724948883056641e-01,-1.617393940687179565e-01,1.706680841743946075e-02,-1.972746849060058594e-01,-2.262952923774719238e-02,-2.545972466468811035e-01,-1.303831636905670166e-01,-1.527743935585021973e-01,-1.803601682186126709e-01,-1.006838679313659668e-01,1.885080784559249878e-01,-2.158102095127105713e-01,5.120691657066345215e-02,-2.494760155677795410e-01,1.143032982945442200e-01,-2.012781947851181030e-01,-1.858352869749069214e-01
7.779069244861602783e-02,-2.379126697778701782e-01,-4.692696034908294678e-03,-1.634037196636199951e-01,-2.033737450838088989e-01,2.135019600391387939e-01,1.050769537687301636e-02,-4.988553747534751892e-02,-1.492970287799835205e-01,1.057808920741081238e-01,-2.699894607067108154e-01,6.766908802092075348e-03,-1.843282580375671387e-01,-1.214492321014404297e-02,1.486478596925735474e-01,1.023389399051666260e-01,-8.603295683860778809e-02,-1.492687612771987915e-01,2.433975040912628174e-01,-5.718343891203403473e-03
-8.216020651161670685e-03,-2.500959634780883789e-01,1.635384112596511841e-01,-1.252048909664154053e-01,6.701959669589996338e-02,-1.574742048978805542e-01,-1.139831393957138062e-01,-2.781178802251815796e-02,8.749155700206756592e-02,-1.792532056570053101e-01,-1.742643415927886963e-01,1.011766958981752396e-02,1.076401770114898682e-01,-8.141385763883590698e-02,-1.306160986423492432e-01,2.248431444168090820e-01,3.693698346614837646e-02,-9.980718046426773071e-02,9.148175269365310669e-02,1.892050802707672119e-01
-1.685720980167388916e-01,9.018839150667190552e-02,-9.009370207786560059e-02,1.307654380798339844e-01,-1.941651105880737305e-01,6.468713749200105667e-03,-1.262867823243141174e-02,1.684380322694778442e-01,5.464401096105575562e-02,-3.403986245393753052e-02,1.654658615589141846e-01,2.449257969856262207e-01,-2.400826290249824524e-02,1.646096408367156982e-01,-3.796317055821418762e-02,-8.010791242122650146e-02,-2.069674432277679443e-01,-1.060224920511245728e-01,1.735240221023559570e-01,-1.622297167778015137e-01
-2.034624665975570679e-01,1.193818598985671997e-01,2.085188478231430054e-01,5.890952050685882568e-02,-9.237224608659744263e-02,1.567935198545455933e-01,-1.035047322511672974e-01,-9.543063119053840637e-03,1.753127761185169220e-02,-1.236864402890205383e-01,-2.343020215630531311e-02,4.127166420221328735e-02,-8.098291605710983276e-02,-6.958845071494579315e-03,-8.731269091367721558e-02,4.215433076024055481e-02,-9.502764046192169189e-02,1.187682747840881348e-01,-1.200469955801963806e-01,-8.132647722959518433e-03
-5.198092758655548096e-02,1.258764564990997314e-01,2.161764502525329590e-01,-7.860682159662246704e-02,-1.262725889682769775e-01,1.433014869689941406e-03,-1.828276738524436951e-02,-1.968449801206588745e-01,-3.999877721071243286e-02,1.348661780357360840e-01,-7.292828708887100220e-02,2.197871655225753784e-01,-2.292708158493041992e-01,6.615237891674041748e-02,-1.807757765054702759e-01,1.468850374221801758e-01,3.000486195087432861e-01,-2.064714021980762482e-02,-9.742058068513870239e-02,-1.056816577911376953e-01
8.336548507213592529e-02,-6.675588339567184448e-02,-1.899379342794418335e-01,-6.114020198583602905e-02,-1.126058250665664673e-01,2.026448100805282593e-01,1.220866888761520386e-01,-1.271301954984664917e-01,2.483561187982559204e-01,1.664317697286605835e-01,-1.320941895246505737e-01,2.173214256763458252e-01,4.069747775793075562e-02,2.751732477918267250e-03,2.232523113489151001e-01,-8.684778213500976562e-02,-1.578229665756225586e-01,2.102311551570892334e-01,3.857119753956794739e-02,-1.761958003044128418e-01
8.583053946495056152e-02,-1.158354207873344421e-01,1.450666785240173340e-02,5.958317965269088745e-02,-8.713083714246749878e-02,2.727332413196563721e-01,-2.307448238134384155e-01,2.702925726771354675e-02,-2.844236493110656738e-01,7.925044000148773193e-02,2.242301553487777710e-01,-1.054008379578590393e-01,-1.549367010593414307e-01,1.456245481967926025e-01,1.576751023530960083e-01,-4.678287729620933533e-02,-5.488717928528785706e-02,-1.255485564470291138e-01,-1.189915277063846588e-02,-2.013304457068443298e-02
2.440911382436752319e-01,-1.380512863397598267e-01,-2.129666358232498169e-01,-1.609682589769363403e-01,-6.552009284496307373e-02,-1.910835206508636475e-01,-2.163125723600387573e-01,2.229531705379486084e-01,1.152673885226249695e-01,-2.421878464519977570e-02,-2.048659622669219971e-01,4.141491279006004333e-02,-4.203515127301216125e-02,3.964573517441749573e-02,-2.853889763355255127e-02,6.167539581656455994e-02,-1.140037328004837036e-01,-2.667859196662902832e-01,-2.592432498931884766e-01,-5.230459198355674744e-02
1.287121772766113281e-01,1.589591205120086670e-01,-3.020723164081573486e-02,-1.898281127214431763e-01,-1.061126440763473511e-01,-5.080701410770416260e-02,2.727086246013641357e-01,1.200071871280670166e-01,-2.276700735092163086e-02,-3.748891130089759827e-02,1.875458098948001862e-02,-7.888989150524139404e-02,5.924625322222709656e-02,-8.447502739727497101e-03,2.437951415777206421e-02,7.987841963768005371e-02,7.097574323415756226e-02,-6.004383414983749390e-02,-1.989583075046539307e-01,-1.418418437242507935e-01
1.506887823343276978e-01,-1.469423919916152954e-01,-2.131928205490112305e-01,2.022724300622940063e-01,-1.169768124818801880e-01,7.345759123563766479e-02,3.737450018525123596e-02,-9.756459295749664307e-02,1.573808789253234863e-01,-7.408475968986749649e-03,-4.136681929230690002e-02,1.128482222557067871e-01,1.563946902751922607e-02,-2.616556175053119659e-02,-1.275410875678062439e-02,2.024423182010650635e-01,1.214925479143857956e-02,4.047521203756332397e-02,1.271024253219366074e-02,-9.224508702754974365e-02
-7.855951040983200073e-02,-2.579093873500823975e-01,5.071043223142623901e-02,-1.971919089555740356e-01,-5.125172436237335205e-02,1.919329911470413208e-01,-2.735535204410552979e-01,7.349251955747604370e-02,4.212913662195205688e-02,-7.591570168733596802e-02,-4.685154557228088379e-02,1.057904511690139771e-01,-4.993182420730590820e-02,2.528314292430877686e-01,-9.618750959634780884e-02,-4.846252966672182083e-03,-6.857938319444656372e-02,-1.900490075349807739e-01,-1.244211047887802124e-01,-2.333223223686218262e-01
3.909061476588249207e-02,1.337689608335494995e-01,-2.080123871564865112e-01,-9.011580795049667358e-02,1.700234711170196533e-01,-2.193249315023422241e-01,-2.416063994169235229e-01,1.445335894823074341e-01,9.163048118352890015e-02,-1.796237528324127197e-01,-1.564797013998031616e-01,-1.050024572759866714e-02,-1.300770342350006104e-01,8.796267211437225342e-02,1.620991677045822144e-01,1.000146418809890747e-01,1.282732635736465454e-01,2.485112547874450684e-01,-7.638870924711227417e-02,2.610976696014404297e-01
2.167317420244216919e-01,-1.075055450201034546e-01,-6.273771822452545166e-02,-1.572087407112121582e-01,-1.296173781156539917e-01,-1.090254038572311401e-01,-8.315883576869964600e-03,3.009186312556266785e-02,-5.595771968364715576e-02,2.320074588060379028e-01,5.253965780138969421e-02,3.363697230815887451e-02,6.808076798915863037e-02,3.117815963923931122e-02,-2.314390987157821655e-01,1.794721931219100952e-01,3.261862695217132568e-02,-1.877396255731582642e-01,1.925669163465499878e-01,-4.323352128267288208e-02
-1.679722815752029419e-01,-1.946015097200870514e-02,1.901653558015823364e-01,1.274690870195627213e-02,-1.003233715891838074e-01,-7.610323280096054077e-02,-6.483920663595199585e-02,2.476744055747985840e-01,-2.167863547801971436e-01,-4.377089068293571472e-02,5.722977966070175171e-02,1.151871755719184875e-01,2.178985327482223511e-01,-2.060335725545883179e-01,-3.906753845512866974e-03,1.557109206914901733e-01,-1.238585263490676880e-01,-2.771185934543609619e-01,-2.618497610092163086e-01,-6.019006948918104172e-03
5.987974256277084351e-02,2.474281787872314453e-01,1.395156085491180420e-01,-1.182254925370216370e-01,-1.466788500547409058e-01,2.022468298673629761e-01,2.179950773715972900e-01,1.816752254962921143e-01,-1.564003825187683105e-01,-1.363063752651214600e-01,-1.643726676702499390e-01,1.744288206100463867e-01,9.827455133199691772e-02,-2.136575877666473389e-01,2.035453170537948608e-01,4.207962751388549805e-02,-1.938877068459987640e-02,6.670902483165264130e-03,-1.935930103063583374e-01,6.872506928630173206e-04
9.230949729681015015e-02,-1.107759550213813782e-01,7.333309948444366455e-02,1.465660184621810913e-01,1.959934830665588379e-01,2.862700819969177246e-02,-2.176015079021453857e-01,-2.129858881235122681e-01,2.365779876708984375e-02,-8.923475630581378937e-03,3.432154282927513123e-02,-1.634038090705871582e-01,7.967242598533630371e-02,-6.127816066145896912e-02,-1.058727875351905823e-01,1.250285282731056213e-02,8.340976200997829437e-03,-1.507098376750946045e-01,2.198773175477981567e-01,2.456245273351669312e-01
-2.388024479150772095e-01,-5.044447258114814758e-02,1.252916455268859863e-01,2.649349570274353027e-01,8.933402597904205322e-02,-1.144795641303062439e-01,1.029588580131530762e-01,1.174799129366874695e-01,1.888165622949600220e-01,1.150906980037689209e-01,-1.917959153652191162e-01,-1.162663325667381287e-01,-1.344769150018692017e-01,8.580766618251800537e-02,-1.610033959150314331e-01,8.327079564332962036e-02,-1.835197955369949341e-01,1.585620790719985962e-01,1.913080066442489624e-01,-1.076644957065582275e-01
-4.726331681013107300e-02,-1.148856133222579956e-01,2.130937129259109497e-01,-2.128796130418777466e-01,-1.893793493509292603e-01,-4.491356015205383301e-02,-9.399920701980590820e-02,1.578423827886581421e-01,-1.211284548044204712e-01,3.765258938074111938e-02,-2.161983847618103027e-01,3.447528928518295288e-02,2.364258766174316406e-01,-2.571655213832855225e-01,-2.447545826435089111e-01,8.000048249959945679e-02,-7.248412072658538818e-02,-2.119857519865036011e-01,-3.629403933882713318e-02,-1.999859511852264404e-02
1.426847428083419800e-01,2.442301958799362183e-01,-1.049638688564300537e-01,-1.434133499860763550e-01,4.807903245091438293e-02,1.268113702535629272e-01,2.193753570318222046e-01,3.434370271861553192e-03,-1.998230367898941040e-01,-2.795355916023254395e-01,-5.499171465635299683e-02,3.983129560947418213e-02,-3.524330258369445801e-02,2.001118510961532593e-01,-1.511316001415252686e-02,-7.257369905710220337e-02,2.684165723621845245e-02,5.723986029624938965e-02,-8.455831557512283325e-02,-2.745364792644977570e-02
-1.392175108194351196e-01,-1.511448025703430176e-01,4.559070616960525513e-02,1.790072619915008545e-01,1.692158356308937073e-02,4.371761903166770935e-02,6.645900756120681763e-02,-2.062226831912994385e-01,1.647817641496658325e-01,-2.366687208414077759e-01,2.270690649747848511e-01,-1.879425197839736938e-01,9.873620420694351196e-02,5.182620882987976074e-02,-1.553504317998886108e-01,-9.348037093877792358e-02,-1.601520329713821411e-01,-2.890346646308898926e-01,-3.126131603494286537e-03,-3.256774693727493286e-02
2.258274257183074951e-01,2.551700174808502197e-01,3.619102016091346741e-02,1.653379499912261963e-01,1.211079508066177368e-01,-1.900727450847625732e-01,-1.945597231388092041e-01,-1.633120030164718628e-01,-4.944462329149246216e-02,-8.164475113153457642e-02,-1.195535510778427124e-01,-1.876749545335769653e-01,3.019055351614952087e-03,1.856840848922729492e-01,1.637950986623764038e-01,1.879100948572158813e-01,2.960866391658782959e-01,2.017578668892383575e-02,-7.300969213247299194e-02,1.577540300786495209e-02
4.783792793750762939e-02,8.233108371496200562e-02,-1.760435104370117188e-01,-6.841298192739486694e-02,2.342809140682220459e-01,-1.889487542212009430e-02,-1.703280955553054810e-01,-2.154595851898193359e-01,-1.596250385046005249e-01,2.013496607542037964e-01,8.489868789911270142e-02,-1.551274210214614868e-01,2.262690365314483643e-01,1.751453848555684090e-03,-2.358671724796295166e-01,2.276290208101272583e-01,-2.517547607421875000e-01,1.217486336827278137e-01,1.304522156715393066e-01,2.572165131568908691e-01
-7.998127490282058716e-02,6.796808540821075439e-02,-1.344108879566192627e-01,-1.707046180963516235e-01,1.949613690376281738e-01,1.506414711475372314e-01,2.671901583671569824e-01,8.705179393291473389e-02,-1.884346306324005127e-01,-4.585240036249160767e-02,-2.159224264323711395e-02,-5.465915054082870483e-02,-9.939797222614288330e-02,-1.903394311666488647e-01,1.597453951835632324e-01,2.107143700122833252e-01,2.364161908626556396e-01,-1.875266134738922119e-01,1.932979822158813477e-01,1.233521550893783569e-01
2.439900785684585571e-01,-2.623216509819030762e-01,5.638426914811134338e-02,2.225664854049682617e-01,2.243335843086242676e-01,9.313109517097473145e-02,1.472998559474945068e-01,1.554437130689620972e-01,-1.228872239589691162e-01,2.131246402859687805e-02,7.460357248783111572e-02,-2.991177514195442200e-02,9.026239067316055298e-02,4.427089914679527283e-02,1.832847446203231812e-01,1.391735970973968506e-01,2.967954427003860474e-02,-4.774188995361328125e-02,2.314938306808471680e-01,1.408223956823348999e-01
2.630187273025512695e-01,-1.279888898134231567e-01,-2.614747881889343262e-01,6.476125866174697876e-02,1.695898473262786865e-01,-6.382969021797180176e-02,6.788193434476852417e-02,-2.532844245433807373e-01,2.689915895462036133e-01,2.312050908803939819e-01,1.695794463157653809e-01,-8.257404714822769165e-02,5.134271923452615738e-03,5.833164975047111511e-02,-9.714605659246444702e-02,1.584244221448898315e-01,-2.354980856180191040e-01,5.096954107284545898e-02,2.191752195358276367e-01,1.265741437673568726e-01
-1.808395534753799438e-01,1.611217707395553589e-01,-2.033991366624832153e-02,-1.214983165264129639e-01,1.820043325424194336e-01,-9.323373436927795410e-02,1.525577455759048462e-01,-1.112326085567474365e-01,-2.511073648929595947e-01,8.433231711387634277e-02,-2.096137851476669312e-01,6.343325972557067871e-02,2.553069293498992920e-01,-1.752423644065856934e-01,-3.233609721064567566e-02,-2.154889404773712158e-01,1.688643842935562134e-01,6.253054738044738770e-02,-1.165966540575027466e-01,2.136938422918319702e-01
-8.056055009365081787e-02,-7.642079889774322510e-02,-1.404729578644037247e-02,-8.853107690811157227e-03,1.350763589143753052e-01,-1.745295524597167969e-01,-2.245629727840423584e-01,-1.121253818273544312e-01,-1.149466484785079956e-01,-1.757355034351348877e-01,2.118099182844161987e-01,9.614158421754837036e-02,-7.997904717922210693e-02,2.283471226692199707e-01,2.780050039291381836e-01,-1.026004701852798462e-01,-6.387682259082794189e-02,2.358470857143402100e-01,-1.875331103801727295e-01,-1.588270515203475952e-01
1.843516081571578979e-01,-2.659570574760437012e-01,4.486024379730224609e-03,-1.249426379799842834e-01,1.487354040145874023e-01,-1.837574392557144165e-01,-1.581798791885375977e-01,-1.587505042552947998e-01,1.989485770463943481e-01,6.363028287887573242e-02,-1.523764133453369141e-01,-2.598191797733306885e-01,8.169167675077915192e-03,1.702505797147750854e-01,-3.804024774581193924e-03,-2.290713489055633545e-01,-1.220791637897491455e-01,-1.604621112346649170e-02,-1.487852334976196289e-01,-9.814226627349853516e-02
-4.335391521453857422e-02,4.672956839203834534e-02,1.152201145887374878e-01,1.245632469654083252e-01,1.969666033983230591e-01,1.423581540584564209e-01,1.025542840361595154e-01,-1.845438927412033081e-01,-6.904346495866775513e-02,1.688634008169174194e-01,-1.815931349992752075e-01,-1.503418087959289551e-01,-9.071511030197143555e-02,-1.097169592976570129e-01,-2.682941854000091553e-01,-1.790208220481872559e-01,8.197093009948730469e-02,1.542514860630035400e-01,2.316443622112274170e-01,5.979760736227035522e-02
-2.006671726703643799e-01,-2.357456535100936890e-01,1.256479229778051376e-02,1.826029121875762939e-01,-5.802506580948829651e-02,-1.949348449707031250e-01,1.146970316767692566e-01,-1.587579250335693359e-01,-1.178116425871849060e-01,2.521017193794250488e-02,7.320634275674819946e-02,1.403895020484924316e-02,3.722053766250610352e-02,8.006023615598678589e-02,-8.316597342491149902e-02,7.264341413974761963e-02,7.255815714597702026e-02,1.450745761394500732e-01,-1.594480574131011963e-01,-1.355341672897338867e-01
1.008206084370613098e-01,-6.495089828968048096e-02,-2.415909171104431152e-01,-2.180849909782409668e-01,2.183129489421844482e-01,2.609332278370857239e-02,-1.733456850051879883e-01,9.245683252811431885e-02,-1.933012306690216064e-01,2.513693273067474365e-01,-4.888306558132171631e-02,-6.598942726850509644e-02,-1.778908818960189819e-02,2.778832428157329559e-02,1.664693504571914673e-01,-9.135750681161880493e-02,5.198171734809875488e-02,-4.101267084479331970e-02,3.993649408221244812e-02,1.590951979160308838e-01
-1.679995656013488770e-01,-1.235607489943504333e-01,6.200359389185905457e-02,6.572800129652023315e-02,1.818251162767410278e-01,-2.250821143388748169e-01,-1.029204800724983215e-01,2.031992673873901367e-01,1.850185543298721313e-01,2.403526902198791504e-01,-9.986671619117259979e-03,-1.271492093801498413e-01,-1.270327270030975342e-01,-1.986690163612365723e-01,-2.937390096485614777e-02,-3.093398548662662506e-02,2.038898020982742310e-01,-2.552667856216430664e-01,4.261651635169982910e-02,4.821398481726646423e-02
1.233801245689392090e-01,-2.429158836603164673e-01,-1.008915528655052185e-01,-1.682069748640060425e-01,2.339162677526473999e-01,2.146339118480682373e-01,-7.286717742681503296e-02,1.578465253114700317e-01,1.435950547456741333e-01,-1.467859596014022827e-01,-1.968711465597152710e-01,1.802027523517608643e-01,5.323802586644887924e-03,2.316678762435913086e-01,-7.504122704267501831e-02,5.115412920713424683e-02,-2.474097907543182373e-01,7.663688063621520996e-02,-1.754908263683319092e-01,3.046124055981636047e-02
1.312481015920639038e-01,-1.395630389451980591e-01,-5.986952222883701324e-03,2.834760025143623352e-02,2.062672376632690430e-02,1.629815697669982910e-01,2.743227221071720123e-02,-1.055299118161201477e-01,7.744550239294767380e-03,1.427192240953445435e-01,2.536789774894714355e-01,1.626412123441696167e-01,2.007374316453933716e-01,-1.125029549002647400e-01,7.730505615472793579e-02,2.390953004360198975e-01,6.305451691150665283e-02,5.495457444339990616e-03,7.254335284233093262e-02,1.577133238315582275e-01
-1.241438761353492737e-01,-1.464464962482452393e-01,-7.390531897544860840e-02,2.859980799257755280e-02,-1.455643679946660995e-02,6.369976699352264404e-02,2.274514734745025635e-01,-2.464162558317184448e-01,-2.542302310466766357e-01,-2.814466357231140137e-01,-1.314343214035034180e-01,6.508980412036180496e-03,1.785747557878494263e-01,-2.036565840244293213e-01,-1.626994907855987549e-01,4.815754666924476624e-02,-5.945743620395660400e-02,9.214387834072113037e-02,-1.424714624881744385e-01,-8.507051318883895874e-02
-1.295896023511886597e-01,2.059984505176544189e-01,8.921192586421966553e-02,-1.003962308168411255e-01,-1.027629361487925053e-03,9.338864684104919434e-02,8.829712122678756714e-02,6.696342676877975464e-02,-2.599850893020629883e-01,-1.133419275283813477e-01,-4.037420451641082764e-02,8.380654454231262207e-02,6.609272211790084839e-02,-1.258405148983001709e-01,8.334796875715255737e-02,1.513796299695968628e-01,6.791292876005172729e-02,-7.623589783906936646e-02,-1.241129711270332336e-01,-1.838419735431671143e-01
1.356715857982635498e-01,-1.947140693664550781e-02,1.349728703498840332e-01,5.523078888654708862e-02,1.832192987203598022e-01,-1.431887447834014893e-01,2.067958861589431763e-01,-2.541965059936046600e-02,4.651562497019767761e-02,-1.600589007139205933e-01,-8.471510559320449829e-02,2.017861455678939819e-01,-1.911019980907440186e-01,2.316797673702239990e-01,2.790114842355251312e-02,-1.269836574792861938e-01,9.903138875961303711e-02,-1.990925222635269165e-01,7.180970907211303711e-02,9.595851600170135498e-02
1.402026712894439697e-01,1.266790181398391724e-01,7.267559319734573364e-02,2.405330687761306763e-01,1.622529625892639160e-01,-1.664722710847854614e-01,-1.449818611145019531e-01,-2.178289890289306641e-01,5.562977492809295654e-02,-2.196849435567855835e-01,-2.116492837667465210e-01,-2.216525226831436157e-01,-1.872075051069259644e-01,-4.879643023014068604e-02,-2.115788310766220093e-01,-2.282111346721649170e-01,-3.672578930854797363e-02,1.550192981958389282e-01,-4.253979027271270752e-02,-1.629605442285537720e-01
-1.846980452537536621e-01,3.277041018009185791e-02,-6.950985640287399292e-02,2.368953265249729156e-02,8.773309737443923950e-02,1.122598871588706970e-01,4.268639907240867615e-02,2.379558384418487549e-01,8.415441960096359253e-02,4.104818776249885559e-02,1.481605619192123413e-01,1.089365556836128235e-01,-2.414806038141250610e-01,-1.339020133018493652e-01,1.795419454574584961e-01,-1.833343952894210815e-01,1.363663226366043091e-01,8.095475286245346069e-02,2.527717947959899902e-01,-6.356523931026458740e-02
-6.064166873693466187e-02,1.105989962816238403e-01,-9.000628441572189331e-02,-7.241278071887791157e-04,-7.084782421588897705e-02,-1.897936612367630005e-01,3.818966075778007507e-02,-2.253884077072143555e-01,-7.585494965314865112e-02,3.686502948403358459e-02,4.368019476532936096e-02,-1.971273720264434814e-01,1.094885617494583130e-01,-1.283656060695648193e-01,-1.065700128674507141e-01,4.505137447267770767e-03,-4.351925849914550781e-02,-1.120059415698051453e-01,7.036893069744110107e-02,1.271920558065176010e-02
