-1.150878518819808960e-01,2.143669277429580688e-01,2.145603299140930176e-01,1.331236213445663452e-01,2.197393178939819336e-01,-1.497001647949218750e-01,-3.106395006179809570e-01,6.622768193483352661e-02,3.923650830984115601e-02,-6.799733638763427734e-02,5.119767785072326660e-02,1.749524474143981934e-01,1.269981265068054199e-01,4.040864109992980957e-02,-1.527839452028274536e-01,1.357965022325515747e-01
1.317607462406158447e-01,1.189651340246200562e-01,5.967587977647781372e-02,-2.073730975389480591e-01,-7.744693756103515625e-02,2.351108938455581665e-02,-1.509555727243423462e-01,-3.820289671421051025e-02,-5.155098438262939453e-02,3.018415346741676331e-02,1.735639572143554688e-01,1.490758806467056274e-01,-1.220414265990257263e-01,-9.248417802155017853e-03,2.245574146509170532e-01,-5.774788558483123779e-02
-1.940461695194244385e-01,-2.487613409757614136e-01,1.917165368795394897e-01,2.323456704616546631e-01,-1.798458397388458252e-01,-1.373702893033623695e-03,1.344563364982604980e-01,-4.432301223278045654e-02,-1.124110594391822815e-01,2.241432070732116699e-01,2.586926519870758057e-01,1.075489223003387451e-01,-1.890451908111572266e-01,2.501913346350193024e-03,-1.101074516773223877e-01,-2.827322296798229218e-02
1.400342583656311035e-01,1.057894229888916016e-01,-2.111023962497711182e-01,-2.459962107241153717e-02,-1.010880470275878906e-01,-6.412891298532485962e-02,1.154529023915529251e-02,-1.087284907698631287e-01,-2.509012222290039062e-01,4.747273027896881104e-02,-1.175101697444915771e-01,-2.343929558992385864e-01,-8.545478433370590210e-02,-2.419843077659606934e-01,-1.750709861516952515e-01,8.136948943138122559e-02
-9.995917230844497681e-02,-1.219356618821620941e-02,-1.251967400312423706e-01,9.242481552064418793e-03,-1.867438554763793945e-01,4.780050367116928101e-02,3.210708126425743103e-02,1.789815127849578857e-01,1.431936174631118774e-01,1.254338920116424561e-01,-4.001609608530998230e-02,3.645762428641319275e-02,4.788839071989059448e-02,-8.552768826484680176e-02,6.444308906793594360e-02,1.861585527658462524e-01
-2.820256352424621582e-01,-2.095027416944503784e-01,2.632639110088348389e-01,7.834174484014511108e-02,2.116029858589172363e-01,2.379737049341201782e-01,1.816233843564987183e-01,1.919055283069610596e-01,-1.108084470033645630e-01,-8.224260061979293823e-02,-2.349436283111572266e-01,-2.260774075984954834e-01,-1.056667789816856384e-01,-1.010956987738609314e-01,1.715510338544845581e-02,-5.643016844987869263e-02
-1.581759005784988403e-01,-7.714220136404037476e-02,2.331895381212234497e-01,9.013824164867401123e-02,-1.424177736043930054e-01,-2.490162551403045654e-01,5.847409367561340332e-02,-4.584693163633346558e-02,2.320671826601028442e-01,1.036459654569625854e-01,-1.924723982810974121e-01,-3.457689285278320312e-02,-1.744482517242431641e-01,-8.826456218957901001e-02,9.767457842826843262e-03,-9.843079745769500732e-02
1.363910734653472900e-01,-4.720013588666915894e-02,-5.343743041157722473e-02,-2.500066757202148438e-01,3.159714862704277039e-02,-6.817987561225891113e-02,4.972799215465784073e-03,1.017780527472496033e-01,-8.246066980063915253e-03,1.374068669974803925e-02,-1.455586962401866913e-02,-8.025214821100234985e-02,2.066229283809661865e-01,2.111481279134750366e-01,-6.438211351633071899e-02,2.679646909236907959e-01
8.405013382434844971e-02,-3.631090000271797180e-02,-2.598301768302917480e-01,1.559576839208602905e-01,1.774002611637115479e-01,-7.008443027734756470e-02,7.494754623621702194e-03,-2.094332426786422729e-01,-1.631956994533538818e-01,-4.067979007959365845e-02,1.212073396891355515e-02,-7.361254096031188965e-02,-1.605921387672424316e-01,-1.507475525140762329e-01,1.556917466223239899e-02,-2.266092449426651001e-01
1.481696814298629761e-01,-3.393735736608505249e-02,1.835585534572601318e-01,-9.347504377365112305e-02,1.818262785673141479e-01,1.242233291268348694e-01,-1.243684291839599609e-01,6.781207025051116943e-02,-1.999841332435607910e-01,1.897981613874435425e-01,1.767280995845794678e-01,1.339533645659685135e-02,-4.277604818344116211e-02,2.486491352319717407e-01,1.565502583980560303e-01,1.087707355618476868e-01
-1.504357904195785522e-01,-1.160286441445350647e-01,-7.028935849666595459e-02,-2.412074208259582520e-01,-3.304526582360267639e-02,1.941831260919570923e-01,2.625797092914581299e-01,2.197188585996627808e-01,-1.478783339262008667e-01,-2.124329283833503723e-02,1.315344721078872681e-01,3.171006590127944946e-02,-2.331849485635757446e-01,2.352257668972015381e-01,2.193335294723510742e-01,3.441051766276359558e-02
8.410166949033737183e-02,-8.033274114131927490e-02,-5.314293503761291504e-02,-1.322867572307586670e-01,-1.788219213485717773e-01,-1.969580054283142090e-01,2.299710959196090698e-01,-6.671167910099029541e-02,-1.891015321016311646e-01,7.974711805582046509e-02,1.209266260266304016e-01,-1.896520853042602539e-01,-1.405949592590332031e-01,-3.587803989648818970e-02,2.399612031877040863e-02,-1.806672811508178711e-01
-8.704924024641513824e-03,-2.036304175853729248e-01,-2.612015306949615479e-01,1.369313597679138184e-01,1.022715121507644653e-01,2.369277924299240112e-01,-1.806887425482273102e-02,1.055606231093406677e-01,1.487823873758316040e-01,1.821070611476898193e-01,1.764581501483917236e-01,1.054702550172805786e-01,-1.708972305059432983e-01,1.500112265348434448e-01,-6.206787005066871643e-02,1.449262052774429321e-01
1.182307749986648560e-01,-3.827325627207756042e-02,-3.879626095294952393e-02,-1.866677999496459961e-01,1.979825794696807861e-01,-1.163192093372344971e-01,9.939970076084136963e-02,-2.191960066556930542e-01,2.187747210264205933e-01,-1.083018705248832703e-01,1.326877176761627197e-01,-4.505352582782506943e-03,-1.565155833959579468e-01,-9.505861252546310425e-02,9.778257459402084351e-02,6.583099067211151123e-02
1.281346231698989868e-01,-1.446210443973541260e-01,-1.525663882493972778e-01,-1.484990566968917847e-01,-6.361142545938491821e-02,-1.496781557798385620e-01,2.475240230560302734e-01,-1.490086615085601807e-01,-2.084329165518283844e-02,8.251463621854782104e-02,1.796967536211013794e-01,-1.248284131288528442e-01,1.122471541166305542e-01,2.478142827749252319e-01,-1.221540346741676331e-01,1.171693429350852966e-01
-2.301834076642990112e-01,-8.789841085672378540e-02,-2.854645252227783203e-02,-1.719814836978912354e-01,-1.913281157612800598e-02,-3.165448829531669617e-02,-3.928757458925247192e-02,-2.487085312604904175e-01,2.100436985492706299e-01,3.841448947787284851e-02,2.299631386995315552e-01,1.680532246828079224e-01,-2.411495894193649292e-01,-1.737836748361587524e-01,5.668460577726364136e-02,-1.156379804015159607e-01
-7.887747138738632202e-02,2.526826858520507812e-01,-2.407621145248413086e-01,2.050683796405792236e-01,-2.255953103303909302e-01,-1.538377068936824799e-02,1.891584545373916626e-01,7.044369727373123169e-02,2.101924568414688110e-01,-3.635783120989799500e-02,1.319679617881774902e-01,-1.163822412490844727e-01,2.925129830837249756e-01,1.314395666122436523e-01,2.308460325002670288e-01,1.834740340709686279e-01
7.347893714904785156e-02,1.047387495636940002e-01,2.096356749534606934e-01,-1.434515267610549927e-01,4.090417176485061646e-03,1.933323740959167480e-01,-2.206426709890365601e-01,7.396283745765686035e-02,1.791049093008041382e-01,2.122246921062469482e-01,-1.313882619142532349e-01,2.311882525682449341e-01,5.305896629579365253e-04,-3.906055539846420288e-02,5.193971469998359680e-02,2.724768035113811493e-02
-1.594703048467636108e-01,-2.577120661735534668e-01,-1.899899393320083618e-01,-1.841499656438827515e-01,-1.943084448575973511e-01,6.236622110009193420e-02,-1.221442148089408875e-01,-3.273018449544906616e-02,-2.093628942966461182e-01,6.281922757625579834e-02,-1.259912550449371338e-01,6.454262137413024902e-02,1.257577687501907349e-01,-2.867043949663639069e-03,2.684282884001731873e-02,1.117632687091827393e-01
-6.738337874412536621e-02,-1.967170508578419685e-03,-1.052882298827171326e-01,-2.298955991864204407e-02,1.310072094202041626e-01,8.262025564908981323e-02,-2.306335046887397766e-02,1.470236033201217651e-01,-2.434998005628585815e-01,2.150706201791763306e-01,-2.006674408912658691e-01,1.732153147459030151e-01,1.887914165854454041e-02,8.239401504397392273e-03,-2.698422968387603760e-02,-1.300104707479476929e-02
-4.273289814591407776e-02,1.129409298300743103e-01,1.933972910046577454e-02,-1.111659258604049683e-01,5.500834435224533081e-02,1.295214593410491943e-01,4.111375659704208374e-02,-1.607122719287872314e-01,-1.628909856081008911e-01,1.656007319688796997e-01,-6.065442040562629700e-02,-8.151441812515258789e-02,-1.555379033088684082e-01,-1.215380430221557617e-01,-4.126641154289245605e-02,5.906118825078010559e-02
-1.658010631799697876e-01,-3.675992041826248169e-02,1.378978490829467773e-01,-1.130683571100234985e-01,-2.462718039751052856e-01,1.551169808954000473e-02,-1.841933578252792358e-01,2.655335664749145508e-01,9.387125819921493530e-02,-2.294817268848419189e-01,-2.486470788717269897e-01,-6.037987768650054932e-02,-1.270661801099777222e-01,2.588239908218383789e-01,-4.633505642414093018e-02,1.283572316169738770e-01
2.360744476318359375e-01,-2.350405752658843994e-01,-2.675415277481079102e-01,1.591152548789978027e-01,1.396039035171270370e-02,-4.857509583234786987e-02,-1.553075313568115234e-01,2.408224642276763916e-01,2.139788568019866943e-01,-1.093946322798728943e-01,-6.220733001828193665e-02,7.958704233169555664e-02,1.508203595876693726e-01,2.787973918020725250e-02,-9.759752079844474792e-03,-2.438596338033676147e-01
-2.449770420789718628e-01,-1.802630424499511719e-01,-1.326201558113098145e-01,-1.256099194288253784e-01,7.641910761594772339e-02,2.182080298662185669e-01,2.131806612014770508e-01,-6.062684953212738037e-02,-2.937366068363189697e-02,-1.874604076147079468e-01,-1.578932553529739380e-01,-1.943993866443634033e-01,1.301221847534179688e-01,2.076914310455322266e-01,-1.481702774763107300e-01,2.090258151292800903e-01
-2.357577979564666748e-01,2.191157341003417969e-01,1.760377287864685059e-01,-1.608023792505264282e-01,-1.133266314864158630e-01,1.672583073377609253e-01,-1.597616374492645264e-01,2.469046115875244141e-01,-8.555687218904495239e-02,8.710091561079025269e-02,8.869405835866928101e-02,9.845831245183944702e-02,1.091567948460578918e-01,4.690639302134513855e-02,-6.986518204212188721e-02,1.962561756372451782e-01
1.652678400278091431e-01,1.345405429601669312e-01,-6.978540122509002686e-02,-3.166024386882781982e-02,-1.573244184255599976e-01,1.665177494287490845e-01,-1.068258732557296753e-01,-2.185319513082504272e-01,2.186459898948669434e-01,5.000320449471473694e-02,-2.434541732072830200e-01,-7.110149413347244263e-02,-1.081763021647930145e-02,-1.395131647586822510e-01,-2.655710279941558838e-01,-1.723617762327194214e-01
-2.118254899978637695e-01,1.822661757469177246e-01,-2.095315307378768921e-01,2.088028788566589355e-01,1.850869059562683105e-01,-1.130069345235824585e-01,-3.277254477143287659e-02,2.043659240007400513e-01,-1.229389756917953491e-01,-1.420396417379379272e-01,-1.016394719481468201e-01,-1.487116515636444092e-01,-3.686561062932014465e-02,-8.647047728300094604e-02,1.613810062408447266e-01,1.233478914946317673e-02
-6.165063753724098206e-02,2.689445912837982178e-01,-1.858056634664535522e-01,-7.460106909275054932e-02,9.967762976884841919e-02,1.629198640584945679e-01,-1.481120735406875610e-01,1.439474821090698242e-01,-1.183800846338272095e-01,8.946175128221511841e-02,7.161924988031387329e-02,-2.016672790050506592e-01,9.783484786748886108e-02,-1.836560070514678955e-01,1.326043605804443359e-01,6.401407718658447266e-02
-2.460295148193836212e-02,-2.370555847883224487e-01,-1.630005985498428345e-01,-1.344880759716033936e-01,-5.225561186671257019e-02,4.808026924729347229e-02,-1.220088303089141846e-01,-2.731958329677581787e-01,-2.383834719657897949e-01,-8.781509846448898315e-02,2.044380754232406616e-01,-5.263673514127731323e-02,4.665553942322731018e-02,1.143279485404491425e-02,1.588510721921920776e-01,1.715958267450332642e-01
-8.292818069458007812e-02,1.069842875003814697e-01,-7.578783482313156128e-02,1.595885306596755981e-01,-1.612944006919860840e-01,2.203572243452072144e-01,-2.314500659704208374e-01,-1.871339529752731323e-01,-2.045576125383377075e-01,-2.158065587282180786e-01,8.225955069065093994e-02,7.805249094963073730e-02,1.132670938968658447e-01,-4.787380620837211609e-02,1.923666745424270630e-01,1.447079777717590332e-01
-4.026928916573524475e-02,-1.120435073971748352e-01,1.566735804080963135e-01,-1.432644762098789215e-02,7.802400738000869751e-02,-1.984303630888462067e-02,-1.242017149925231934e-01,1.132322400808334351e-01,-1.430506855249404907e-01,-1.847664117813110352e-01,-1.633558273315429688e-01,1.943316608667373657e-01,-1.216705814003944397e-01,2.794282138347625732e-01,-2.726616337895393372e-02,9.129958599805831909e-02
-1.170079559087753296e-01,1.053315401077270508e-01,2.304057180881500244e-01,-9.562753885984420776e-02,2.856338769197463989e-02,-1.403471175581216812e-02,7.313484326004981995e-03,1.557588130235671997e-01,-1.967219263315200806e-01,1.238735690712928772e-01,9.614586830139160156e-02,-1.953273266553878784e-02,-1.070509627461433411e-01,1.673547923564910889e-01,-1.022565588355064392e-01,-1.295936554670333862e-01
6.281475722789764404e-02,-2.054218649864196777e-01,2.164823114871978760e-01,-8.084783703088760376e-02,-2.129664123058319092e-01,-1.951456367969512939e-01,-1.351709216833114624e-01,-1.869833171367645264e-01,9.222587943077087402e-02,-5.491700768470764160e-02,1.266027092933654785e-01,-1.809225827455520630e-01,-1.889595091342926025e-01,3.526510670781135559e-02,-1.856170892715454102e-01,1.965093463659286499e-01
1.846546381711959839e-01,-1.415619850158691406e-01,9.439739584922790527e-02,-3.670120239257812500e-02,-2.204663008451461792e-01,-6.415401399135589600e-02,-7.139371335506439209e-02,1.329625248908996582e-01,-1.991803795099258423e-01,1.935093253850936890e-01,2.737034857273101807e-01,-8.908357471227645874e-02,-2.547128796577453613e-01,1.334486156702041626e-01,-1.750807166099548340e-01,-1.927672326564788818e-01
5.813728645443916321e-02,-1.295779496431350708e-01,-7.189209014177322388e-02,2.190096974372863770e-01,2.512057721614837646e-01,-1.171114742755889893e-01,-2.181695550680160522e-01,2.072099298238754272e-01,-1.422404497861862183e-01,2.329628616571426392e-01,-7.583163678646087646e-02,-1.159223616123199463e-01,-9.750209748744964600e-02,-1.028302386403083801e-01,9.283191710710525513e-02,-4.844112694263458252e-02
1.754783987998962402e-01,-7.924397289752960205e-02,1.395707577466964722e-01,1.540604978799819946e-01,9.349630773067474365e-02,-1.051404103636741638e-01,-1.187923252582550049e-01,9.777113795280456543e-02,1.707445532083511353e-01,-5.671064183115959167e-02,-2.770540416240692139e-01,-2.678616531193256378e-02,-1.051014959812164307e-01,1.010107845067977905e-01,-1.101783812046051025e-01,2.168163359165191650e-01
-1.993410140275955200e-01,-2.616133391857147217e-01,1.791058778762817383e-01,2.137401998043060303e-01,2.716837823390960693e-02,9.368420578539371490e-04,-1.115434616804122925e-01,9.513767436146736145e-04,-1.371195018291473389e-01,2.112708799540996552e-02,1.893648207187652588e-01,1.126334667205810547e-01,1.859997212886810303e-02,-5.773550271987915039e-02,1.599732600152492523e-02,-2.853845059871673584e-01
-3.012952394783496857e-02,-2.392939776182174683e-01,1.740909814834594727e-01,3.589322790503501892e-02,2.212328463792800903e-02,3.557392582297325134e-02,1.425445638597011566e-02,-1.371022611856460571e-01,-2.751770317554473877e-01,-2.368164807558059692e-01,2.021181136369705200e-01,1.336192153394222260e-02,3.544209524989128113e-02,-4.439903795719146729e-02,5.560133606195449829e-02,1.406947374343872070e-01
6.450909376144409180e-02,-3.711386024951934814e-02,1.386411935091018677e-01,1.786948889493942261e-01,-1.127013936638832092e-01,-2.386835664510726929e-01,6.745027005672454834e-02,-8.308382332324981689e-02,1.621119976043701172e-01,1.638084650039672852e-01,-1.678277403116226196e-01,2.084807679057121277e-02,2.368221618235111237e-02,-1.979065090417861938e-01,-8.005835860967636108e-02,1.159172505140304565e-03
1.752761751413345337e-01,-2.514604330062866211e-01,4.244414716958999634e-02,8.158920332789421082e-03,-2.529866695404052734e-01,1.248725876212120056e-02,2.817471921443939209e-01,-1.031922921538352966e-01,9.040294587612152100e-02,-6.453283876180648804e-02,1.306727975606918335e-01,-2.372315078973770142e-01,-1.127910166978836060e-01,-2.651451230049133301e-01,-1.572164744138717651e-01,1.390396952629089355e-01
-4.136823117733001709e-02,-4.011016711592674255e-02,2.008896768093109131e-01,1.220870316028594971e-01,-9.515371918678283691e-02,1.163572445511817932e-01,-1.921257227659225464e-01,1.027138307690620422e-01,-2.087914943695068359e-01,1.885474622249603271e-01,5.978621542453765869e-02,-6.675840914249420166e-02,2.225802540779113770e-01,6.216422095894813538e-02,-7.963854074478149414e-02,-1.998488157987594604e-01
1.223270148038864136e-01,-2.844355255365371704e-02,-2.643193602561950684e-01,1.531124562025070190e-01,2.097257226705551147e-01,1.123380139470100403e-01,5.727121233940124512e-02,-1.026717647910118103e-01,-2.210272252559661865e-01,2.328773289918899536e-01,-1.915837973356246948e-01,-2.757850885391235352e-01,-4.573358222842216492e-02,-7.655037939548492432e-02,-8.525998890399932861e-02,-1.497045457363128662e-01
-2.345552854239940643e-02,9.847328066825866699e-02,-3.370507620275020599e-03,-1.053987890481948853e-01,-7.305089384317398071e-02,-1.098602935671806335e-01,1.604205928742885590e-02,-1.215475499629974365e-01,-2.652748525142669678e-01,-1.741943061351776123e-01,-1.760996431112289429e-01,-9.767708182334899902e-02,-2.547940611839294434e-01,-8.671747148036956787e-02,1.931109875440597534e-01,-1.261294484138488770e-01
1.517284065485000610e-01,-1.869457513093948364e-01,2.220222949981689453e-01,2.084802836179733276e-01,1.040542945265769958e-01,1.652636677026748657e-01,2.650627493858337402e-01,-9.274373948574066162e-02,-2.331895232200622559e-01,1.541016101837158203e-01,3.207542002201080322e-02,-2.357929497957229614e-01,1.283715814352035522e-01,-1.913793832063674927e-01,2.085795402526855469e-01,-2.707996964454650879e-01
-1.285983622074127197e-02,-6.981888785958290100e-03,6.479743123054504395e-02,1.435220837593078613e-01,-1.351081728935241699e-01,7.403375953435897827e-02,8.416110277175903320e-02,-2.317831963300704956e-01,-7.940474152565002441e-02,-1.749773174524307251e-01,5.676106736063957214e-02,-2.599288821220397949e-01,2.168681658804416656e-02,-2.746015489101409912e-01,-5.062400829046964645e-03,-5.063933506608009338e-02
1.066194102168083191e-01,2.333949953317642212e-01,1.297568529844284058e-01,-8.403380960226058960e-02,1.469237506389617920e-01,-2.510570883750915527e-01,-1.769722849130630493e-01,4.721083492040634155e-02,9.522164613008499146e-02,5.551854148507118225e-02,-2.250910736620426178e-03,2.303162813186645508e-01,-1.871378719806671143e-01,-2.243498265743255615e-01,-1.866677254438400269e-01,7.040176540613174438e-02
1.016987413167953491e-01,-2.671095132827758789e-01,6.257106363773345947e-02,-1.811402291059494019e-01,4.280302673578262329e-03,2.516847550868988037e-01,2.744159102439880371e-01,-2.522083930671215057e-02,-1.610013395547866821e-01,-2.249590754508972168e-01,9.736692905426025391e-02,7.739063352346420288e-02,-1.884465515613555908e-01,-6.684608757495880127e-02,-4.859221633523702621e-03,-1.597895473241806030e-01
-6.096329540014266968e-02,-1.021370962262153625e-01,-5.706452205777168274e-02,-2.448785901069641113e-01,-7.542474567890167236e-02,1.575477570295333862e-01,-1.627417951822280884e-01,8.401895314455032349e-02,1.385261714458465576e-01,5.913591384887695312e-02,-1.014990955591201782e-01,-2.736759558320045471e-02,-1.167714297771453857e-01,3.788542374968528748e-02,-5.301597714424133301e-02,-1.852686703205108643e-02
-1.669137179851531982e-01,6.938896328210830688e-02,8.911082148551940918e-02,1.980013549327850342e-01,-1.099435240030288696e-01,1.739580631256103516e-01,-2.156633883714675903e-01,6.910122931003570557e-02,9.044558741152286530e-03,-1.601408049464225769e-02,1.032823994755744934e-01,4.019269719719886780e-02,1.646516770124435425e-01,-1.225356105715036392e-02,-3.077661246061325073e-02,-3.349100425839424133e-02
-3.161611780524253845e-02,-9.107227623462677002e-02,1.297899931669235229e-01,1.896411366760730743e-02,3.825614973902702332e-02,1.136278957128524780e-01,-1.379381865262985229e-01,1.613159030675888062e-01,-2.523743808269500732e-01,1.440747082233428955e-01,2.108057737350463867e-01,-1.785881519317626953e-01,-4.229972139000892639e-02,6.614753045141696930e-03,-2.194263190031051636e-01,-2.044289857149124146e-01
2.312449971213936806e-03,-4.212001338601112366e-02,1.777830570936203003e-01,-3.895187750458717346e-03,-1.021426096558570862e-01,-2.153812535107135773e-02,1.209605671465396881e-02,2.363514155149459839e-01,-1.958614774048328400e-02,-7.184888422489166260e-02,-8.081422746181488037e-02,-1.327557861804962158e-01,-1.511748880147933960e-02,-2.169796675443649292e-01,-5.814927164465188980e-03,-1.496731936931610107e-01
1.297375001013278961e-02,-1.685729920864105225e-01,-6.888178735971450806e-02,-2.395981997251510620e-01,-4.285656288266181946e-02,1.037974804639816284e-01,-1.028078794479370117e-01,2.145021557807922363e-01,2.199403643608093262e-01,-2.633998356759548187e-02,-1.609581410884857178e-01,-1.958383321762084961e-01,-1.236253827810287476e-01,1.587829440832138062e-01,-1.642960309982299805e-02,-1.980590224266052246e-01
4.810994863510131836e-02,1.658685356378555298e-01,-1.745239347219467163e-01,-5.393971130251884460e-02,-1.902717947959899902e-01,-4.596989974379539490e-02,7.321208715438842773e-02,6.447561830282211304e-02,9.774140268564224243e-02,-1.593618467450141907e-02,7.316713035106658936e-02,1.806349903345108032e-01,-1.117710173130035400e-01,-1.920779980719089508e-02,-1.286777406930923462e-01,6.581825017929077148e-02
-2.418254613876342773e-01,8.783938735723495483e-02,-1.709479093551635742e-02,7.400895655155181885e-02,2.406856119632720947e-01,-5.249827727675437927e-02,-2.265391796827316284e-01,1.425989121198654175e-01,-1.339393109083175659e-01,1.573889404535293579e-01,2.055672705173492432e-01,-1.662132889032363892e-01,2.918514609336853027e-01,1.632280647754669189e-01,-3.970577940344810486e-02,-1.794742792844772339e-01
1.081867590546607971e-01,-1.785772889852523804e-01,6.124788150191307068e-02,-2.362023480236530304e-02,-2.456648051738739014e-01,-2.003570646047592163e-02,9.927381575107574463e-02,-3.757343860343098640e-03,-1.881001740694046021e-01,3.765134885907173157e-02,3.173486888408660889e-02,6.615114212036132812e-02,-1.221587434411048889e-01,-9.215206652879714966e-02,-1.909998357295989990e-01,1.659813672304153442e-01
1.737007796764373779e-01,-2.132824212312698364e-01,2.234711647033691406e-01,-2.723061293363571167e-02,-1.009730175137519836e-01,-8.618072606623172760e-03,-4.964932054281234741e-02,1.267182976007461548e-01,-1.980071216821670532e-01,9.538584947586059570e-02,6.480790674686431885e-02,1.999206393957138062e-01,-4.746155068278312683e-02,1.262608170509338379e-01,1.060162335634231567e-01,-1.319660842418670654e-01
9.702251292765140533e-03,-2.418858259916305542e-01,1.548785120248794556e-01,2.503018975257873535e-01,-5.872483924031257629e-02,-4.249260574579238892e-02,-7.953631877899169922e-02,-1.808841079473495483e-01,-1.717779785394668579e-01,2.656626980751752853e-03,5.768942832946777344e-02,2.309279590845108032e-01,1.752646714448928833e-01,-2.453443109989166260e-01,-6.511010974645614624e-02,1.764993518590927124e-01
-1.603777110576629639e-01,2.400198718532919884e-03,-1.779523342847824097e-01,1.363342702388763428e-01,-1.272969394922256470e-01,1.420338004827499390e-01,4.364388063549995422e-02,1.796377003192901611e-01,7.340813521295785904e-03,2.958517521619796753e-02,1.337742153555154800e-02,2.010271325707435608e-02,-3.162896260619163513e-02,2.558823823928833008e-01,-9.993356466293334961e-02,1.207667440176010132e-01
-1.100691929459571838e-01,-7.508385926485061646e-03,1.633463650941848755e-01,3.103718347847461700e-02,2.448748797178268433e-02,-2.987536042928695679e-02,-7.072763144969940186e-02,1.504230350255966187e-01,-1.213781908154487610e-01,-1.264190524816513062e-01,2.864639461040496826e-01,-1.226701661944389343e-01,1.914618015289306641e-01,-1.219502463936805725e-01,2.048329114913940430e-01,-9.110517799854278564e-02
8.129990100860595703e-02,-1.698916703462600708e-01,-2.189882565289735794e-03,1.843399703502655029e-01,-1.203363984823226929e-01,-2.291500009596347809e-02,2.077819108963012695e-01,-7.322650402784347534e-02,-3.735424950718879700e-02,-2.149099856615066528e-01,1.600382328033447266e-01,-1.190959885716438293e-01,9.516856074333190918e-02,1.954788118600845337e-01,-1.182374078780412674e-03,1.943438649177551270e-01
2.376605421304702759e-01,-2.336336225271224976e-01,5.312880873680114746e-02,9.229161590337753296e-02,-1.575617641210556030e-01,1.855258196592330933e-01,-1.668770313262939453e-01,2.121380865573883057e-01,-1.288523338735103607e-02,8.773034205660223961e-04,1.691847592592239380e-01,-2.357642501592636108e-01,-1.739844530820846558e-01,1.924036890268325806e-01,-2.051170915365219116e-01,1.393845081329345703e-01
-5.694799870252609253e-02,-1.402604281902313232e-01,-1.489176899194717407e-01,-8.244734257459640503e-02,2.015807293355464935e-02,1.830871403217315674e-01,1.112613752484321594e-01,-1.856930255889892578e-01,3.182924166321754456e-02,1.136869490146636963e-01,-7.993861287832260132e-02,-2.310713380575180054e-01,1.706990301609039307e-01,1.103646936826407909e-03,8.715533651411533356e-03,1.523782871663570404e-02
-2.379069477319717407e-01,-9.086436778306961060e-02,-2.090433090925216675e-01,1.550886034965515137e-01,1.083494946360588074e-01,9.445434063673019409e-02,1.955788731575012207e-01,4.761033505201339722e-02,-1.924746781587600708e-01,-1.145901232957839966e-01,1.207137629389762878e-01,-1.345019787549972534e-01,1.420000791549682617e-01,-2.306608259677886963e-01,1.034976765513420105e-01,8.708126842975616455e-02
2.298820763826370239e-01,1.415282934904098511e-01,-1.370806843042373657e-01,-1.766901612281799316e-01,1.462104767560958862e-01,-2.479032985866069794e-02,-2.051313221454620361e-01,1.576106846332550049e-01,-1.930565536022186279e-01,1.568444073200225830e-01,4.354685544967651367e-02,-1.903602480888366699e-01,2.427487820386886597e-01,6.102903932332992554e-02,6.858096271753311157e-02,1.749088913202285767e-01
