subject,session,condition,event_row,onset,stimulus_code,label,subjective_rating_0_10,trial_id,rejection_reason,max_peak_to_peak_uV
sub-001,ses-1,SIT,0,10.224,64,1,,sub-001_ses-1_event-000,kept,53.7367395602
sub-001,ses-1,SIT,1,30.291,64,1,,sub-001_ses-1_event-001,kept,128.4896780494
sub-001,ses-1,SIT,2,52.425,32,0,,sub-001_ses-1_event-002,kept,33.7186245288
sub-001,ses-1,SIT,3,72.559,64,1,,sub-001_ses-1_event-003,kept,38.4453127048
sub-001,ses-1,SIT,4,91.192,32,0,,sub-001_ses-1_event-004,kept,33.8358153202
sub-001,ses-1,SIT,5,113.276,32,0,,sub-001_ses-1_event-005,kept,28.3574090514
sub-001,ses-1,SIT,6,135.377,32,0,,sub-001_ses-1_event-006,kept,28.7976139597
sub-001,ses-1,SIT,7,157.461,32,0,,sub-001_ses-1_event-007,kept,38.2102860992
sub-001,ses-1,SIT,8,179.545,32,0,,sub-001_ses-1_event-008,kept,35.3261516782
sub-001,ses-1,SIT,9,201.679,64,1,,sub-001_ses-1_event-009,kept,24.3318584742
sub-001,ses-1,SIT,10,219.996,32,0,,sub-001_ses-1_event-010,kept,28.6298491727
sub-001,ses-1,SIT,11,240.33,64,1,,sub-001_ses-1_event-011,kept,63.8822405312
sub-001,ses-1,SIT,12,260.447,32,0,,sub-001_ses-1_event-012,kept,30.9469119172
sub-001,ses-1,SIT,13,281.564,64,1,,sub-001_ses-1_event-013,kept,89.0548585577
sub-001,ses-1,SIT,14,301.698,64,1,,sub-001_ses-1_event-014,kept,30.8819201149
sub-001,ses-1,SIT,15,322.832,64,1,,sub-001_ses-1_event-015,kept,43.3608289585
sub-001,ses-1,SIT,16,344.932,32,0,,sub-001_ses-1_event-016,kept,30.7270922626
sub-001,ses-1,SIT,17,365.033,64,1,,sub-001_ses-1_event-017,kept,56.5020469507
sub-001,ses-1,SIT,18,385.133,64,1,,sub-001_ses-1_event-018,kept,32.7740696472
sub-001,ses-1,SIT,19,407.217,64,1,,sub-001_ses-1_event-019,kept,45.6232309314
sub-001,ses-1,SIT,20,427.301,64,1,,sub-001_ses-1_event-020,kept,51.342491417
sub-001,ses-1,SIT,21,447.368,64,1,,sub-001_ses-1_event-021,kept,46.1709988867
sub-001,ses-1,SIT,22,467.469,32,0,,sub-001_ses-1_event-022,kept,38.4349126693
sub-001,ses-1,SIT,23,488.569,64,1,,sub-001_ses-1_event-023,kept,47.852906046
sub-001,ses-1,SIT,24,508.653,64,1,,sub-001_ses-1_event-024,kept,54.7657569729
sub-001,ses-1,SIT,25,529.737,32,0,,sub-001_ses-1_event-025,kept,43.7381170984
sub-001,ses-1,SIT,26,550.854,32,0,,sub-001_ses-1_event-026,kept,41.623235803
sub-001,ses-1,SIT,27,571.971,32,0,,sub-001_ses-1_event-027,kept,43.6340243922
sub-001,ses-1,SIT,28,592.105,32,0,,sub-001_ses-1_event-028,kept,34.5093342026
sub-001,ses-1,SIT,29,613.222,32,0,,sub-001_ses-1_event-029,kept,35.202974011
sub-001,ses-1,SIT,30,633.356,64,1,,sub-001_ses-1_event-030,kept,31.0418130483
sub-001,ses-1,SIT,31,653.473,64,1,,sub-001_ses-1_event-031,kept,45.5064615521
sub-001,ses-1,SIT,32,673.557,32,0,,sub-001_ses-1_event-032,kept,37.8012726229
sub-001,ses-1,SIT,33,693.624,64,1,,sub-001_ses-1_event-033,kept,40.3275317444
sub-001,ses-1,SIT,34,713.742,64,1,,sub-001_ses-1_event-034,kept,31.4564717802
sub-001,ses-1,SIT,35,734.825,32,0,,sub-001_ses-1_event-035,kept,41.2031677875
sub-001,ses-1,SIT,36,754.959,64,1,,sub-001_ses-1_event-036,kept,75.8008365369
sub-001,ses-1,SIT,37,777.109,32,0,,sub-001_ses-1_event-037,kept,40.9752897669
sub-001,ses-1,SIT,38,798.21,32,0,,sub-001_ses-1_event-038,kept,36.1616316048
sub-001,ses-1,SIT,39,818.294,32,0,,sub-001_ses-1_event-039,kept,38.8175843127
sub-002,ses-1,SIT,0,11.335,64,1,,sub-002_ses-1_event-000,kept,19.1423721188
sub-002,ses-1,SIT,1,31.419,64,1,,sub-002_ses-1_event-001,kept,16.4710820397
sub-002,ses-1,SIT,2,53.519,32,0,,sub-002_ses-1_event-002,kept,20.5620882335
sub-002,ses-1,SIT,3,73.603,64,1,,sub-002_ses-1_event-003,kept,23.4622917111
sub-002,ses-1,SIT,4,93.687,32,0,,sub-002_ses-1_event-004,kept,20.6185974482
sub-002,ses-1,SIT,5,115.771,32,0,,sub-002_ses-1_event-005,kept,17.6823205309
sub-002,ses-1,SIT,6,137.888,32,0,,sub-002_ses-1_event-006,kept,22.1462479513
sub-002,ses-1,SIT,7,159.972,32,0,,sub-002_ses-1_event-007,kept,23.5306515185
sub-002,ses-1,SIT,8,182.072,32,0,,sub-002_ses-1_event-008,kept,26.4628306764
sub-002,ses-1,SIT,9,204.14,64,1,,sub-002_ses-1_event-009,kept,23.8881179704
sub-002,ses-1,SIT,10,224.224,32,0,,sub-002_ses-1_event-010,kept,18.6196620852
sub-002,ses-1,SIT,11,246.291,64,1,,sub-002_ses-1_event-011,kept,18.5179544588
sub-002,ses-1,SIT,12,266.408,32,0,,sub-002_ses-1_event-012,kept,20.4926636975
sub-002,ses-1,SIT,13,287.476,64,1,,sub-002_ses-1_event-013,kept,22.170416161
sub-002,ses-1,SIT,14,307.559,64,1,,sub-002_ses-1_event-014,kept,22.8604169277
sub-002,ses-1,SIT,15,328.659,64,1,,sub-002_ses-1_event-015,kept,25.1110851371
sub-002,ses-1,SIT,16,350.743,32,0,,sub-002_ses-1_event-016,kept,22.9202683348
sub-002,ses-1,SIT,17,370.194,64,1,,sub-002_ses-1_event-017,kept,22.6736924361
sub-002,ses-1,SIT,18,390.294,64,1,,sub-002_ses-1_event-018,kept,21.1639003064
sub-002,ses-1,SIT,19,412.378,64,1,,sub-002_ses-1_event-019,kept,27.162718675
sub-002,ses-1,SIT,20,432.462,64,1,,sub-002_ses-1_event-020,kept,20.6482277145
sub-002,ses-1,SIT,21,452.529,64,1,,sub-002_ses-1_event-021,kept,32.6085727944
sub-002,ses-1,SIT,22,472.646,32,0,,sub-002_ses-1_event-022,kept,22.6805752429
sub-002,ses-1,SIT,23,493.713,64,1,,sub-002_ses-1_event-023,kept,21.6617984474
sub-002,ses-1,SIT,24,513.797,64,1,,sub-002_ses-1_event-024,kept,25.5209745451
sub-002,ses-1,SIT,25,534.864,32,0,,sub-002_ses-1_event-025,kept,21.8056837699
sub-002,ses-1,SIT,26,555.965,32,0,,sub-002_ses-1_event-026,kept,17.988438825
sub-002,ses-1,SIT,27,577.049,32,0,,sub-002_ses-1_event-027,kept,25.4029784708
sub-002,ses-1,SIT,28,597.166,32,0,,sub-002_ses-1_event-028,kept,23.2761555041
sub-002,ses-1,SIT,29,618.3,32,0,,sub-002_ses-1_event-029,kept,20.8589926324
sub-002,ses-1,SIT,30,638.45,64,1,,sub-002_ses-1_event-030,kept,20.7227245126
sub-002,ses-1,SIT,31,658.518,64,1,,sub-002_ses-1_event-031,kept,20.4634146385
sub-002,ses-1,SIT,32,678.601,32,0,,sub-002_ses-1_event-032,kept,28.8392849238
sub-002,ses-1,SIT,33,698.669,64,1,,sub-002_ses-1_event-033,kept,52.9695049336
sub-002,ses-1,SIT,34,718.752,64,1,,sub-002_ses-1_event-034,kept,18.355304963000002
sub-002,ses-1,SIT,35,739.836,32,0,,sub-002_ses-1_event-035,kept,18.2513359605
sub-002,ses-1,SIT,36,759.92,64,1,,sub-002_ses-1_event-036,kept,39.5601513028
sub-002,ses-1,SIT,37,782.004,32,0,,sub-002_ses-1_event-037,kept,23.6539317837
sub-002,ses-1,SIT,38,803.088,32,0,,sub-002_ses-1_event-038,kept,24.8591021447
sub-002,ses-1,SIT,39,823.172,32,0,,sub-002_ses-1_event-039,kept,31.3435367792
sub-003,ses-1,SIT,0,20.686,64,1,,sub-003_ses-1_event-000,kept,150.1606942176
sub-003,ses-1,SIT,1,39.786,64,1,,sub-003_ses-1_event-001,kept,141.7152107883
sub-003,ses-1,SIT,2,60.903,32,0,,sub-003_ses-1_event-002,kept,93.9455335897
sub-003,ses-1,SIT,3,80.054,64,1,,sub-003_ses-1_event-003,kept,99.3536756483
sub-003,ses-1,SIT,4,99.154,32,0,,sub-003_ses-1_event-004,kept,134.5329633138
sub-003,ses-1,SIT,5,120.288,32,0,,sub-003_ses-1_event-005,kept,88.8007574338
sub-003,ses-1,SIT,6,141.439,32,0,,sub-003_ses-1_event-006,kept,92.1618660781
sub-003,ses-1,SIT,7,162.556,32,0,,sub-003_ses-1_event-007,kept,204.1842612101
sub-003,ses-1,SIT,8,183.656,32,0,,sub-003_ses-1_event-008,kept,227.3295015578
sub-003,ses-1,SIT,9,204.774,64,1,,sub-003_ses-1_event-009,kept,154.9220646274
sub-003,ses-1,SIT,10,223.891,32,0,,sub-003_ses-1_event-010,kept,87.1745934069
sub-003,ses-1,SIT,11,244.991,64,1,,sub-003_ses-1_event-011,kept,81.4202975783
sub-003,ses-1,SIT,12,264.142,32,0,,sub-003_ses-1_event-012,kept,72.2345238273
sub-003,ses-1,SIT,13,284.259,64,1,,sub-003_ses-1_event-013,kept,86.6791428726
sub-003,ses-1,SIT,14,303.46,64,1,,sub-003_ses-1_event-014,kept,77.7214773448
sub-003,ses-1,SIT,15,323.56,64,1,,sub-003_ses-1_event-015,kept,43.6117395767
sub-003,ses-1,SIT,16,344.694,32,0,,sub-003_ses-1_event-016,kept,133.2024539592
sub-003,ses-1,SIT,17,363.861,64,1,,sub-003_ses-1_event-017,kept,81.8331673512
sub-003,ses-1,SIT,18,383.012,64,1,,sub-003_ses-1_event-018,kept,74.1870791999
sub-003,ses-1,SIT,19,404.162,64,1,,sub-003_ses-1_event-019,kept,77.7715936681
sub-003,ses-1,SIT,20,423.263,64,1,,sub-003_ses-1_event-020,kept,84.7055761887
sub-003,ses-1,SIT,21,442.413,64,1,,sub-003_ses-1_event-021,kept,97.8541073319
sub-003,ses-1,SIT,22,461.58,32,0,,sub-003_ses-1_event-022,kept,34.8246489234
sub-003,ses-1,SIT,23,481.681,64,1,,sub-003_ses-1_event-023,kept,85.1650345141
sub-003,ses-1,SIT,24,500.781,64,1,,sub-003_ses-1_event-024,kept,35.4043442277
sub-003,ses-1,SIT,25,520.882,32,0,,sub-003_ses-1_event-025,kept,32.2779459887
sub-003,ses-1,SIT,26,541.049,32,0,,sub-003_ses-1_event-026,kept,75.4804217763
sub-003,ses-1,SIT,27,561.2,32,0,,sub-003_ses-1_event-027,kept,52.4013809362
sub-003,ses-1,SIT,28,580.317,32,0,,sub-003_ses-1_event-028,kept,85.7899358768
sub-003,ses-1,SIT,29,600.451,32,0,,sub-003_ses-1_event-029,kept,80.6472052058
sub-003,ses-1,SIT,30,619.535,64,1,,sub-003_ses-1_event-030,kept,86.7284990416
sub-003,ses-1,SIT,31,638.685,64,1,,sub-003_ses-1_event-031,kept,75.6844814989
sub-003,ses-1,SIT,32,657.786,32,0,,sub-003_ses-1_event-032,kept,46.1891220936
sub-003,ses-1,SIT,33,676.853,64,1,,sub-003_ses-1_event-033,kept,123.739814249
sub-003,ses-1,SIT,34,696.037,64,1,,sub-003_ses-1_event-034,kept,82.4448464584
sub-003,ses-1,SIT,35,716.204,32,0,,sub-003_ses-1_event-035,kept,82.7345315629
sub-003,ses-1,SIT,36,735.288,64,1,,sub-003_ses-1_event-036,kept,122.4771977758
sub-003,ses-1,SIT,37,756.455,32,0,,sub-003_ses-1_event-037,kept,68.285755023
sub-003,ses-1,SIT,38,776.622,32,0,,sub-003_ses-1_event-038,kept,102.0752284278
sub-003,ses-1,SIT,39,795.756,32,0,,sub-003_ses-1_event-039,kept,60.9492598923
sub-004,ses-1,SIT,0,29.889,64,1,,sub-004_ses-1_event-000,kept,25.5253829269
sub-004,ses-1,SIT,1,49.956,64,1,,sub-004_ses-1_event-001,kept,26.3642378705
sub-004,ses-1,SIT,2,72.023,32,0,,sub-004_ses-1_event-002,kept,43.8610495746
sub-004,ses-1,SIT,3,92.107,64,1,,sub-004_ses-1_event-003,kept,42.5402708917
sub-004,ses-1,SIT,4,112.191,32,0,,sub-004_ses-1_event-004,kept,27.295751849
sub-004,ses-1,SIT,5,134.308,32,0,,sub-004_ses-1_event-005,kept,28.1772328335
sub-004,ses-1,SIT,6,156.375,32,0,,sub-004_ses-1_event-006,kept,25.8931362391
sub-004,ses-1,SIT,7,178.459,32,0,,sub-004_ses-1_event-007,kept,31.023015477
sub-004,ses-1,SIT,8,200.576,32,0,,sub-004_ses-1_event-008,kept,24.9968634027
sub-004,ses-1,SIT,9,222.66,64,1,,sub-004_ses-1_event-009,kept,42.3676743927
sub-004,ses-1,SIT,10,242.727,32,0,,sub-004_ses-1_event-010,kept,32.2162928185
sub-004,ses-1,SIT,11,264.811,64,1,,sub-004_ses-1_event-011,kept,34.8077738259
sub-004,ses-1,SIT,12,284.878,32,0,,sub-004_ses-1_event-012,kept,26.589129260500002
sub-004,ses-1,SIT,13,305.962,64,1,,sub-004_ses-1_event-013,kept,33.3959547985
sub-004,ses-1,SIT,14,326.113,64,1,,sub-004_ses-1_event-014,kept,35.7441226337
sub-004,ses-1,SIT,15,347.213,64,1,,sub-004_ses-1_event-015,kept,33.0940965054
sub-004,ses-1,SIT,16,369.314,32,0,,sub-004_ses-1_event-016,kept,31.7854741482
sub-004,ses-1,SIT,17,389.431,64,1,,sub-004_ses-1_event-017,kept,25.0380332745
sub-004,ses-1,SIT,18,409.531,64,1,,sub-004_ses-1_event-018,kept,43.350778
sub-004,ses-1,SIT,19,431.615,64,1,,sub-004_ses-1_event-019,kept,33.7826281559
sub-004,ses-1,SIT,20,451.749,64,1,,sub-004_ses-1_event-020,kept,36.0420585858
sub-004,ses-1,SIT,21,471.833,64,1,,sub-004_ses-1_event-021,kept,32.8373200309
sub-004,ses-1,SIT,22,491.934,32,0,,sub-004_ses-1_event-022,kept,37.765503757
sub-004,ses-1,SIT,23,513.001,64,1,,sub-004_ses-1_event-023,kept,108.0103237437
sub-004,ses-1,SIT,24,533.085,64,1,,sub-004_ses-1_event-024,kept,24.4740741661
sub-004,ses-1,SIT,25,554.168,32,0,,sub-004_ses-1_event-025,kept,39.5459920239
sub-004,ses-1,SIT,26,575.302,32,0,,sub-004_ses-1_event-026,kept,27.1472722048
sub-004,ses-1,SIT,27,596.437,32,0,,sub-004_ses-1_event-027,kept,33.6163329092
sub-004,ses-1,SIT,28,616.52,32,0,,sub-004_ses-1_event-028,kept,33.3116463692
sub-004,ses-1,SIT,29,637.654,32,0,,sub-004_ses-1_event-029,kept,34.9512939734
sub-004,ses-1,SIT,30,657.754,64,1,,sub-004_ses-1_event-030,kept,27.8133186061
sub-004,ses-1,SIT,31,677.872,64,1,,sub-004_ses-1_event-031,kept,29.5134630563
sub-004,ses-1,SIT,32,697.989,32,0,,sub-004_ses-1_event-032,kept,26.9461660379
sub-004,ses-1,SIT,33,718.073,64,1,,sub-004_ses-1_event-033,kept,34.594907066
sub-004,ses-1,SIT,34,738.19,64,1,,sub-004_ses-1_event-034,kept,43.046068107400004
sub-004,ses-1,SIT,35,759.274,32,0,,sub-004_ses-1_event-035,kept,28.9787494219
sub-004,ses-1,SIT,36,779.375,64,1,,sub-004_ses-1_event-036,kept,28.3833103662
sub-004,ses-1,SIT,37,801.441,32,0,,sub-004_ses-1_event-037,kept,34.7211208634
sub-004,ses-1,SIT,38,822.558,32,0,,sub-004_ses-1_event-038,kept,40.3141336882
sub-004,ses-1,SIT,39,842.642,32,0,,sub-004_ses-1_event-039,kept,41.7180530753
sub-005,ses-1,SIT,0,34.597,64,1,,sub-005_ses-1_event-000,kept,31.4670192494
sub-005,ses-1,SIT,1,53.698,64,1,,sub-005_ses-1_event-001,kept,25.7056483759
sub-005,ses-1,SIT,2,74.832,32,0,,sub-005_ses-1_event-002,kept,33.9433158775
sub-005,ses-1,SIT,3,93.931,64,1,,sub-005_ses-1_event-003,kept,32.082278711
sub-005,ses-1,SIT,4,113.049,32,0,,sub-005_ses-1_event-004,kept,29.9730670784
sub-005,ses-1,SIT,5,134.2,32,0,,sub-005_ses-1_event-005,kept,41.3267280666
sub-005,ses-1,SIT,6,155.367,32,0,,sub-005_ses-1_event-006,kept,37.5533497424
sub-005,ses-1,SIT,7,176.551,32,0,,sub-005_ses-1_event-007,kept,27.1532804551
sub-005,ses-1,SIT,8,197.685,32,0,,sub-005_ses-1_event-008,kept,29.3359591403
sub-005,ses-1,SIT,9,218.819,64,1,,sub-005_ses-1_event-009,kept,34.5225864223
sub-005,ses-1,SIT,10,237.936,32,0,,sub-005_ses-1_event-010,kept,34.9042005463
sub-005,ses-1,SIT,11,259.086,64,1,,sub-005_ses-1_event-011,kept,29.7901991299
sub-005,ses-1,SIT,12,278.153,32,0,,sub-005_ses-1_event-012,kept,43.9990423956
sub-005,ses-1,SIT,13,298.32,64,1,,sub-005_ses-1_event-013,kept,35.4201305537
sub-005,ses-1,SIT,14,317.488,64,1,,sub-005_ses-1_event-014,kept,26.7016094478
sub-005,ses-1,SIT,15,337.622,64,1,,sub-005_ses-1_event-015,kept,39.181000125
sub-005,ses-1,SIT,16,358.722,32,0,,sub-005_ses-1_event-016,kept,32.6109282574
sub-005,ses-1,SIT,17,377.889,64,1,,sub-005_ses-1_event-017,kept,46.4968393736
sub-005,ses-1,SIT,18,397.055,64,1,,sub-005_ses-1_event-018,kept,38.2624969608
sub-005,ses-1,SIT,19,418.19,64,1,,sub-005_ses-1_event-019,kept,40.7250769352
sub-005,ses-1,SIT,20,437.341,64,1,,sub-005_ses-1_event-020,kept,37.338466095
sub-005,ses-1,SIT,21,456.475,64,1,,sub-005_ses-1_event-021,kept,35.7994864302
sub-005,ses-1,SIT,22,475.608,32,0,,sub-005_ses-1_event-022,kept,35.4583771283
sub-005,ses-1,SIT,23,495.759,64,1,,sub-005_ses-1_event-023,kept,39.1690078635
sub-005,ses-1,SIT,24,514.876,64,1,,sub-005_ses-1_event-024,kept,33.109654127
sub-005,ses-1,SIT,25,535.009,32,0,,sub-005_ses-1_event-025,kept,48.7928278229
sub-005,ses-1,SIT,26,555.177,32,0,,sub-005_ses-1_event-026,kept,45.4530774957
sub-005,ses-1,SIT,27,575.344,32,0,,sub-005_ses-1_event-027,kept,34.7564843171
sub-005,ses-1,SIT,28,594.495,32,0,,sub-005_ses-1_event-028,kept,34.6825248286
sub-005,ses-1,SIT,29,614.644,32,0,,sub-005_ses-1_event-029,kept,33.5199823134
sub-005,ses-1,SIT,30,633.796,64,1,,sub-005_ses-1_event-030,kept,36.589641783
sub-005,ses-1,SIT,31,652.963,64,1,,sub-005_ses-1_event-031,kept,32.4798746679
sub-005,ses-1,SIT,32,672.063,32,0,,sub-005_ses-1_event-032,kept,63.5733319686
sub-005,ses-1,SIT,33,691.163,64,1,,sub-005_ses-1_event-033,kept,32.7393204095
sub-005,ses-1,SIT,34,710.314,64,1,,sub-005_ses-1_event-034,kept,45.9388432856
sub-005,ses-1,SIT,35,730.43,32,0,,sub-005_ses-1_event-035,kept,57.6463000916
sub-005,ses-1,SIT,36,749.532,64,1,,sub-005_ses-1_event-036,kept,63.2507159668
sub-005,ses-1,SIT,37,770.649,32,0,,sub-005_ses-1_event-037,kept,45.7376824954
sub-005,ses-1,SIT,38,790.765,32,0,,sub-005_ses-1_event-038,kept,64.4237115755
sub-005,ses-1,SIT,39,809.9,32,0,,sub-005_ses-1_event-039,kept,47.4685973226
sub-006,ses-1,SIT,0,22.762,64,1,,sub-006_ses-1_event-000,kept,36.872979013
sub-006,ses-1,SIT,1,41.846,64,1,,sub-006_ses-1_event-001,kept,40.8812421995
sub-006,ses-1,SIT,2,62.963,32,0,,sub-006_ses-1_event-002,kept,22.1370229106
sub-006,ses-1,SIT,3,82.013,64,1,,sub-006_ses-1_event-003,kept,35.5476341296
sub-006,ses-1,SIT,4,101.131,32,0,,sub-006_ses-1_event-004,kept,31.8258948856
sub-006,ses-1,SIT,5,122.214,32,0,,sub-006_ses-1_event-005,kept,28.3196972175
sub-006,ses-1,SIT,6,143.332,32,0,,sub-006_ses-1_event-006,kept,21.8335310286
sub-006,ses-1,SIT,7,164.382,32,0,,sub-006_ses-1_event-007,kept,32.4021288099
sub-006,ses-1,SIT,8,185.466,32,0,,sub-006_ses-1_event-008,kept,24.3358922506
sub-006,ses-1,SIT,9,206.583,64,1,,sub-006_ses-1_event-009,kept,39.7537794194
sub-006,ses-1,SIT,10,225.7,32,0,,sub-006_ses-1_event-010,kept,39.0632534679
sub-006,ses-1,SIT,11,246.834,64,1,,sub-006_ses-1_event-011,kept,30.1622559843
sub-006,ses-1,SIT,12,265.918,32,0,,sub-006_ses-1_event-012,kept,29.3629523627
sub-006,ses-1,SIT,13,285.985,64,1,,sub-006_ses-1_event-013,kept,30.6892334486
sub-006,ses-1,SIT,14,305.119,64,1,,sub-006_ses-1_event-014,kept,29.0762238681
sub-006,ses-1,SIT,15,325.203,64,1,,sub-006_ses-1_event-015,kept,33.2341478845
sub-006,ses-1,SIT,16,346.353,32,0,,sub-006_ses-1_event-016,kept,27.388840113
sub-006,ses-1,SIT,17,365.437,64,1,,sub-006_ses-1_event-017,kept,28.7445745818
sub-006,ses-1,SIT,18,384.538,64,1,,sub-006_ses-1_event-018,kept,39.100928632
sub-006,ses-1,SIT,19,405.655,64,1,,sub-006_ses-1_event-019,kept,49.2860553393
sub-006,ses-1,SIT,20,424.805,64,1,,sub-006_ses-1_event-020,kept,18.5316114988
sub-006,ses-1,SIT,21,443.89,64,1,,sub-006_ses-1_event-021,kept,32.0663455691
sub-006,ses-1,SIT,22,463.006,32,0,,sub-006_ses-1_event-022,kept,24.2838672927
sub-006,ses-1,SIT,23,483.09,64,1,,sub-006_ses-1_event-023,kept,27.2824514602
sub-006,ses-1,SIT,24,502.191,64,1,,sub-006_ses-1_event-024,kept,36.2236830277
sub-006,ses-1,SIT,25,522.291,32,0,,sub-006_ses-1_event-025,kept,36.0874378735
sub-006,ses-1,SIT,26,542.375,32,0,,sub-006_ses-1_event-026,kept,19.1012311744
sub-006,ses-1,SIT,27,561.559,32,0,,sub-006_ses-1_event-027,kept,24.8058953829
sub-006,ses-1,SIT,28,580.659,32,0,,sub-006_ses-1_event-028,kept,45.7346270974
sub-006,ses-1,SIT,29,600.76,32,0,,sub-006_ses-1_event-029,kept,29.8160003134
sub-006,ses-1,SIT,30,619.81,64,1,,sub-006_ses-1_event-030,kept,27.6197796163
sub-006,ses-1,SIT,31,638.894,64,1,,sub-006_ses-1_event-031,kept,33.1227702695
sub-006,ses-1,SIT,32,657.995,32,0,,sub-006_ses-1_event-032,kept,20.3053321606
sub-006,ses-1,SIT,33,677.045,64,1,,sub-006_ses-1_event-033,kept,41.4160363929
sub-006,ses-1,SIT,34,696.147,64,1,,sub-006_ses-1_event-034,kept,25.053881694
sub-006,ses-1,SIT,35,716.246,32,0,,sub-006_ses-1_event-035,kept,37.6330877031
sub-006,ses-1,SIT,36,735.33,64,1,,sub-006_ses-1_event-036,kept,30.7055913119
sub-006,ses-1,SIT,37,756.497,32,0,,sub-006_ses-1_event-037,kept,24.2946483423
sub-006,ses-1,SIT,38,775.431,32,0,,sub-006_ses-1_event-038,kept,24.5650676484
sub-006,ses-1,SIT,39,794.531,32,0,,sub-006_ses-1_event-039,kept,29.2160981279
sub-007,ses-1,SIT,0,21.944,64,1,,sub-007_ses-1_event-000,kept,33.4858247821
sub-007,ses-1,SIT,1,41.027,64,1,,sub-007_ses-1_event-001,kept,30.8890979331
sub-007,ses-1,SIT,2,62.111,32,0,,sub-007_ses-1_event-002,kept,25.2517557173
sub-007,ses-1,SIT,3,81.195,64,1,,sub-007_ses-1_event-003,kept,30.0445954765
sub-007,ses-1,SIT,4,98.696,32,0,,sub-007_ses-1_event-004,kept,25.802634767
sub-007,ses-1,SIT,5,119.779,32,0,,sub-007_ses-1_event-005,kept,31.5415312822
sub-007,ses-1,SIT,6,140.897,32,0,,sub-007_ses-1_event-006,kept,31.5085409677
sub-007,ses-1,SIT,7,162.064,32,0,,sub-007_ses-1_event-007,kept,39.1377661575
sub-007,ses-1,SIT,8,183.214,32,0,,sub-007_ses-1_event-008,kept,29.5742238506
sub-007,ses-1,SIT,9,204.332,64,1,,sub-007_ses-1_event-009,kept,24.7002319398
sub-007,ses-1,SIT,10,223.399,32,0,,sub-007_ses-1_event-010,kept,33.4538577644
sub-007,ses-1,SIT,11,242.533,64,1,,sub-007_ses-1_event-011,kept,39.8787099426
sub-007,ses-1,SIT,12,259.683,32,0,,sub-007_ses-1_event-012,kept,23.7258581077
sub-007,ses-1,SIT,13,279.8,64,1,,sub-007_ses-1_event-013,kept,30.4170608792
sub-007,ses-1,SIT,14,297.701,64,1,,sub-007_ses-1_event-014,kept,43.7445534518
sub-007,ses-1,SIT,15,317.818,64,1,,sub-007_ses-1_event-015,kept,28.0710060674
sub-007,ses-1,SIT,16,338.902,32,0,,sub-007_ses-1_event-016,kept,34.1422838508
sub-007,ses-1,SIT,17,356.319,64,1,,sub-007_ses-1_event-017,kept,25.1494740281
sub-007,ses-1,SIT,18,373.736,64,1,,sub-007_ses-1_event-018,kept,39.0082794906
sub-007,ses-1,SIT,19,394.82,64,1,,sub-007_ses-1_event-019,kept,30.8169419969
sub-007,ses-1,SIT,20,413.904,64,1,,sub-007_ses-1_event-020,kept,33.3442982411
sub-007,ses-1,SIT,21,431.454,64,1,,sub-007_ses-1_event-021,kept,33.2159205108
sub-007,ses-1,SIT,22,450.521,32,0,,sub-007_ses-1_event-022,kept,25.7246355629
sub-007,ses-1,SIT,23,470.655,64,1,,sub-007_ses-1_event-023,kept,31.9386918987
sub-007,ses-1,SIT,24,488.406,64,1,,sub-007_ses-1_event-024,kept,40.4818641181
sub-007,ses-1,SIT,25,507.156,32,0,,sub-007_ses-1_event-025,kept,19.5757823659
sub-007,ses-1,SIT,26,527.273,32,0,,sub-007_ses-1_event-026,kept,33.2013738157
sub-007,ses-1,SIT,27,547.407,32,0,,sub-007_ses-1_event-027,kept,32.6898291827
sub-007,ses-1,SIT,28,566.541,32,0,,sub-007_ses-1_event-028,kept,34.7581655249
sub-007,ses-1,SIT,29,586.625,32,0,,sub-007_ses-1_event-029,kept,31.3376968748
sub-007,ses-1,SIT,30,605.792,64,1,,sub-007_ses-1_event-030,kept,21.4232417904
sub-007,ses-1,SIT,31,623.692,64,1,,sub-007_ses-1_event-031,kept,44.5714052632
sub-007,ses-1,SIT,32,642.81,32,0,,sub-007_ses-1_event-032,kept,27.250566868
sub-007,ses-1,SIT,33,660.56,64,1,,sub-007_ses-1_event-033,kept,38.9252939377
sub-007,ses-1,SIT,34,679.611,64,1,,sub-007_ses-1_event-034,kept,31.1719189133
sub-007,ses-1,SIT,35,699.078,32,0,,sub-007_ses-1_event-035,kept,28.3513391277
sub-007,ses-1,SIT,36,718.178,64,1,,sub-007_ses-1_event-036,kept,42.1784089502
sub-007,ses-1,SIT,37,739.329,32,0,,sub-007_ses-1_event-037,kept,31.2530249844
sub-007,ses-1,SIT,38,759.463,32,0,,sub-007_ses-1_event-038,kept,30.4928857948
sub-007,ses-1,SIT,39,778.53,32,0,,sub-007_ses-1_event-039,kept,36.6231271759
sub-008,ses-1,SIT,0,31.123,64,1,,sub-008_ses-1_event-000,kept,33.5370978983
sub-008,ses-1,SIT,1,50.207,64,1,,sub-008_ses-1_event-001,kept,48.6036359277
sub-008,ses-1,SIT,2,71.307,32,0,,sub-008_ses-1_event-002,kept,30.4718306568
sub-008,ses-1,SIT,3,90.441,64,1,,sub-008_ses-1_event-003,kept,41.2853008579
sub-008,ses-1,SIT,4,109.508,32,0,,sub-008_ses-1_event-004,kept,33.5455567264
sub-008,ses-1,SIT,5,130.676,32,0,,sub-008_ses-1_event-005,kept,46.3467372164
sub-008,ses-1,SIT,6,151.793,32,0,,sub-008_ses-1_event-006,kept,79.6897073529
sub-008,ses-1,SIT,7,172.911,32,0,,sub-008_ses-1_event-007,kept,67.9032331391
sub-008,ses-1,SIT,8,194.011,32,0,,sub-008_ses-1_event-008,kept,71.4544298259
sub-008,ses-1,SIT,9,215.095,64,1,,sub-008_ses-1_event-009,kept,20.722506181299998
sub-008,ses-1,SIT,10,234.212,32,0,,sub-008_ses-1_event-010,kept,48.0049651146
sub-008,ses-1,SIT,11,255.296,64,1,,sub-008_ses-1_event-011,kept,67.4446511163
sub-008,ses-1,SIT,12,274.379,32,0,,sub-008_ses-1_event-012,kept,34.2443299527
sub-008,ses-1,SIT,13,294.481,64,1,,sub-008_ses-1_event-013,kept,82.4340645045
sub-008,ses-1,SIT,14,313.564,64,1,,sub-008_ses-1_event-014,kept,69.2137077542
sub-008,ses-1,SIT,15,333.664,64,1,,sub-008_ses-1_event-015,kept,31.4865786637
sub-008,ses-1,SIT,16,354.731,32,0,,sub-008_ses-1_event-016,kept,57.678254057
sub-008,ses-1,SIT,17,373.865,64,1,,sub-008_ses-1_event-017,kept,39.2833176334
sub-008,ses-1,SIT,18,392.95,64,1,,sub-008_ses-1_event-018,kept,26.0331814782
sub-008,ses-1,SIT,19,414.05,64,1,,sub-008_ses-1_event-019,kept,31.6184376557
sub-008,ses-1,SIT,20,433.167,64,1,,sub-008_ses-1_event-020,kept,24.3265313642
sub-008,ses-1,SIT,21,452.267,64,1,,sub-008_ses-1_event-021,kept,69.389654772
sub-008,ses-1,SIT,22,471.335,32,0,,sub-008_ses-1_event-022,kept,25.7037441812
sub-008,ses-1,SIT,23,491.503,64,1,,sub-008_ses-1_event-023,kept,32.7018008998
sub-008,ses-1,SIT,24,510.585,64,1,,sub-008_ses-1_event-024,kept,23.788137097
sub-008,ses-1,SIT,25,530.586,32,0,,sub-008_ses-1_event-025,kept,22.4929003738
sub-008,ses-1,SIT,26,550.786,32,0,,sub-008_ses-1_event-026,kept,25.3969424485
sub-008,ses-1,SIT,27,570.937,32,0,,sub-008_ses-1_event-027,kept,87.3377550364
sub-008,ses-1,SIT,28,590.105,32,0,,sub-008_ses-1_event-028,kept,72.8585173123
sub-008,ses-1,SIT,29,610.256,32,0,,sub-008_ses-1_event-029,kept,80.9139094655
sub-008,ses-1,SIT,30,629.372,64,1,,sub-008_ses-1_event-030,kept,32.0644814557
sub-008,ses-1,SIT,31,648.457,64,1,,sub-008_ses-1_event-031,kept,29.485287113
sub-008,ses-1,SIT,32,667.556,32,0,,sub-008_ses-1_event-032,kept,37.0245567854
sub-008,ses-1,SIT,33,686.707,64,1,,sub-008_ses-1_event-033,kept,28.5332788557
sub-008,ses-1,SIT,34,705.824,64,1,,sub-008_ses-1_event-034,kept,45.194569061
sub-008,ses-1,SIT,35,725.958,32,0,,sub-008_ses-1_event-035,kept,34.7764742923
sub-008,ses-1,SIT,36,745.092,64,1,,sub-008_ses-1_event-036,kept,68.9209548702
sub-008,ses-1,SIT,37,766.243,32,0,,sub-008_ses-1_event-037,kept,68.9351839451
sub-008,ses-1,SIT,38,786.394,32,0,,sub-008_ses-1_event-038,kept,81.8599623672
sub-008,ses-1,SIT,39,805.526,32,0,,sub-008_ses-1_event-039,kept,21.7101558918
sub-009,ses-1,SIT,0,23.232,64,1,,sub-009_ses-1_event-000,kept,85.195922327
sub-009,ses-1,SIT,1,42.332,64,1,,sub-009_ses-1_event-001,kept,58.6957168571
sub-009,ses-1,SIT,2,63.382,32,0,,sub-009_ses-1_event-002,kept,63.8922854448
sub-009,ses-1,SIT,3,82.45,64,1,,sub-009_ses-1_event-003,kept,76.2264681717
sub-009,ses-1,SIT,4,101.534,32,0,,sub-009_ses-1_event-004,kept,40.3768845686
sub-009,ses-1,SIT,5,122.618,32,0,,sub-009_ses-1_event-005,kept,44.9762848908
sub-009,ses-1,SIT,6,143.734,32,0,,sub-009_ses-1_event-006,kept,57.8083346295
sub-009,ses-1,SIT,7,164.851,32,0,,sub-009_ses-1_event-007,kept,65.7229137461
sub-009,ses-1,SIT,8,185.969,32,0,,sub-009_ses-1_event-008,kept,79.9584317913
sub-009,ses-1,SIT,9,207.087,64,1,,sub-009_ses-1_event-009,kept,70.5932641651
sub-009,ses-1,SIT,10,226.154,32,0,,sub-009_ses-1_event-010,kept,48.5908061651
sub-009,ses-1,SIT,11,247.221,64,1,,sub-009_ses-1_event-011,kept,49.7842552978
sub-009,ses-1,SIT,12,266.305,32,0,,sub-009_ses-1_event-012,kept,44.660683116
sub-009,ses-1,SIT,13,286.456,64,1,,sub-009_ses-1_event-013,kept,55.7234164825
sub-009,ses-1,SIT,14,305.523,64,1,,sub-009_ses-1_event-014,kept,56.1132486197
sub-009,ses-1,SIT,15,325.59,64,1,,sub-009_ses-1_event-015,kept,37.8948756076
sub-009,ses-1,SIT,16,346.69,32,0,,sub-009_ses-1_event-016,kept,47.0135392707
sub-009,ses-1,SIT,17,365.824,64,1,,sub-009_ses-1_event-017,kept,38.1085769153
sub-009,ses-1,SIT,18,384.891,64,1,,sub-009_ses-1_event-018,kept,54.1035211071
sub-009,ses-1,SIT,19,405.992,64,1,,sub-009_ses-1_event-019,kept,115.8706180769
sub-009,ses-1,SIT,20,425.076,64,1,,sub-009_ses-1_event-020,kept,52.3487116722
sub-009,ses-1,SIT,21,444.176,64,1,,sub-009_ses-1_event-021,kept,54.9161764936
sub-009,ses-1,SIT,22,463.277,32,0,,sub-009_ses-1_event-022,kept,44.59285031
sub-009,ses-1,SIT,23,483.427,64,1,,sub-009_ses-1_event-023,kept,115.901263469
sub-009,ses-1,SIT,24,502.511,64,1,,sub-009_ses-1_event-024,kept,40.7162563893
sub-009,ses-1,SIT,25,522.578,32,0,,sub-009_ses-1_event-025,kept,42.8929508112
sub-009,ses-1,SIT,26,542.712,32,0,,sub-009_ses-1_event-026,kept,39.1841377212
sub-009,ses-1,SIT,27,562.863,32,0,,sub-009_ses-1_event-027,kept,84.8388741075
sub-009,ses-1,SIT,28,581.996,32,0,,sub-009_ses-1_event-028,kept,41.2073274072
sub-009,ses-1,SIT,29,602.097,32,0,,sub-009_ses-1_event-029,kept,63.3522218594
sub-009,ses-1,SIT,30,621.198,64,1,,sub-009_ses-1_event-030,kept,113.1466878221
sub-009,ses-1,SIT,31,640.281,64,1,,sub-009_ses-1_event-031,kept,51.9471615673
sub-009,ses-1,SIT,32,659.365,32,0,,sub-009_ses-1_event-032,kept,54.791200567
sub-009,ses-1,SIT,33,678.466,64,1,,sub-009_ses-1_event-033,kept,50.0035559618
sub-009,ses-1,SIT,34,697.532,64,1,,sub-009_ses-1_event-034,kept,40.7569665189
sub-009,ses-1,SIT,35,717.633,32,0,,sub-009_ses-1_event-035,kept,38.0081474706
sub-009,ses-1,SIT,36,736.734,64,1,,sub-009_ses-1_event-036,kept,45.674713981
sub-009,ses-1,SIT,37,757.801,32,0,,sub-009_ses-1_event-037,kept,38.9710673009
sub-009,ses-1,SIT,38,777.902,32,0,,sub-009_ses-1_event-038,kept,35.5541097818
sub-009,ses-1,SIT,39,797.002,32,0,,sub-009_ses-1_event-039,kept,30.2360953222
sub-010,ses-1,SIT,0,26.267,64,1,,sub-010_ses-1_event-000,kept,64.1444352511
sub-010,ses-1,SIT,1,45.317,64,1,,sub-010_ses-1_event-001,kept,43.3983781503
sub-010,ses-1,SIT,2,66.384,32,0,,sub-010_ses-1_event-002,kept,26.5704435778
sub-010,ses-1,SIT,3,85.486,64,1,,sub-010_ses-1_event-003,kept,39.3073530036
sub-010,ses-1,SIT,4,104.569,32,0,,sub-010_ses-1_event-004,kept,44.822785186
sub-010,ses-1,SIT,5,125.652,32,0,,sub-010_ses-1_event-005,kept,42.8845914504
sub-010,ses-1,SIT,6,145.836,32,0,,sub-010_ses-1_event-006,kept,41.4836365534
sub-010,ses-1,SIT,7,166.921,32,0,,sub-010_ses-1_event-007,kept,56.8247265845
sub-010,ses-1,SIT,8,187.988,32,0,,sub-010_ses-1_event-008,kept,40.6466564899
sub-010,ses-1,SIT,9,209.072,64,1,,sub-010_ses-1_event-009,kept,48.7173476899
sub-010,ses-1,SIT,10,228.138,32,0,,sub-010_ses-1_event-010,kept,43.7097443366
sub-010,ses-1,SIT,11,248.906,64,1,,sub-010_ses-1_event-011,kept,38.9465950914
sub-010,ses-1,SIT,12,267.639,32,0,,sub-010_ses-1_event-012,kept,40.5116504614
sub-010,ses-1,SIT,13,287.707,64,1,,sub-010_ses-1_event-013,kept,45.0349732601
sub-010,ses-1,SIT,14,306.34,64,1,,sub-010_ses-1_event-014,kept,25.604592154
sub-010,ses-1,SIT,15,325.958,64,1,,sub-010_ses-1_event-015,kept,63.3913493325
sub-010,ses-1,SIT,16,347.026,32,0,,sub-010_ses-1_event-016,kept,41.1101048587
sub-010,ses-1,SIT,17,366.092,64,1,,sub-010_ses-1_event-017,kept,41.6899742991
sub-010,ses-1,SIT,18,385.159,64,1,,sub-010_ses-1_event-018,kept,38.5680018177
sub-010,ses-1,SIT,19,405.593,64,1,,sub-010_ses-1_event-019,kept,136.9140131035
sub-010,ses-1,SIT,20,424.661,64,1,,sub-010_ses-1_event-020,kept,35.2913237049
sub-010,ses-1,SIT,21,443.744,64,1,,sub-010_ses-1_event-021,kept,36.9905808764
sub-010,ses-1,SIT,22,462.828,32,0,,sub-010_ses-1_event-022,kept,45.0066042991
sub-010,ses-1,SIT,23,482.895,64,1,,sub-010_ses-1_event-023,kept,41.9143416276
sub-010,ses-1,SIT,24,501.962,64,1,,sub-010_ses-1_event-024,kept,33.8062410357
sub-010,ses-1,SIT,25,522.029,32,0,,sub-010_ses-1_event-025,kept,45.1601047891
sub-010,ses-1,SIT,26,541.463,32,0,,sub-010_ses-1_event-026,kept,27.0630103934
sub-010,ses-1,SIT,27,560.898,32,0,,sub-010_ses-1_event-027,kept,28.7740206833
sub-010,ses-1,SIT,28,579.347,32,0,,sub-010_ses-1_event-028,kept,26.3260341761
sub-010,ses-1,SIT,29,598.799,32,0,,sub-010_ses-1_event-029,kept,40.1631729708
sub-010,ses-1,SIT,30,617.248,64,1,,sub-010_ses-1_event-030,kept,50.2098826073
sub-010,ses-1,SIT,31,636.316,64,1,,sub-010_ses-1_event-031,kept,43.5319877843
sub-010,ses-1,SIT,32,655.384,32,0,,sub-010_ses-1_event-032,kept,46.8672267037
sub-010,ses-1,SIT,33,674.483,64,1,,sub-010_ses-1_event-033,kept,49.5928089335
sub-010,ses-1,SIT,34,693.6,64,1,,sub-010_ses-1_event-034,kept,39.8633612321
sub-010,ses-1,SIT,35,713.701,32,0,,sub-010_ses-1_event-035,kept,36.1174947439
sub-010,ses-1,SIT,36,732.801,64,1,,sub-010_ses-1_event-036,kept,43.871746737
sub-010,ses-1,SIT,37,753.902,32,0,,sub-010_ses-1_event-037,kept,38.975784829
sub-010,ses-1,SIT,38,773.969,32,0,,sub-010_ses-1_event-038,kept,42.1517165404
sub-010,ses-1,SIT,39,793.036,32,0,,sub-010_ses-1_event-039,kept,44.8353405835
sub-011,ses-1,SIT,0,15.279,64,1,,sub-011_ses-1_event-000,kept,39.318446525
sub-011,ses-1,SIT,1,34.38,64,1,,sub-011_ses-1_event-001,kept,31.9950941501
sub-011,ses-1,SIT,2,55.529,32,0,,sub-011_ses-1_event-002,kept,57.4290468839
sub-011,ses-1,SIT,3,74.664,64,1,,sub-011_ses-1_event-003,kept,36.5294023956
sub-011,ses-1,SIT,4,93.781,32,0,,sub-011_ses-1_event-004,kept,31.1547284544
sub-011,ses-1,SIT,5,114.864,32,0,,sub-011_ses-1_event-005,kept,29.804228293
sub-011,ses-1,SIT,6,135.966,32,0,,sub-011_ses-1_event-006,kept,36.144975629
sub-011,ses-1,SIT,7,157.032,32,0,,sub-011_ses-1_event-007,kept,25.0037894026
sub-011,ses-1,SIT,8,178.117,32,0,,sub-011_ses-1_event-008,kept,31.8371657096
sub-011,ses-1,SIT,9,199.217,64,1,,sub-011_ses-1_event-009,kept,39.8768311057
sub-011,ses-1,SIT,10,218.335,32,0,,sub-011_ses-1_event-010,kept,68.3700754632
sub-011,ses-1,SIT,11,239.418,64,1,,sub-011_ses-1_event-011,kept,31.3625974039
sub-011,ses-1,SIT,12,258.552,32,0,,sub-011_ses-1_event-012,kept,27.0984694698
sub-011,ses-1,SIT,13,278.635,64,1,,sub-011_ses-1_event-013,kept,36.6817921046
sub-011,ses-1,SIT,14,297.786,64,1,,sub-011_ses-1_event-014,kept,34.7059081753
sub-011,ses-1,SIT,15,317.936,64,1,,sub-011_ses-1_event-015,kept,48.6099933923
sub-011,ses-1,SIT,16,339.104,32,0,,sub-011_ses-1_event-016,kept,31.7671217531
sub-011,ses-1,SIT,17,358.204,64,1,,sub-011_ses-1_event-017,kept,55.6301649434
sub-011,ses-1,SIT,18,377.388,64,1,,sub-011_ses-1_event-018,kept,36.1992016584
sub-011,ses-1,SIT,19,398.506,64,1,,sub-011_ses-1_event-019,kept,34.251789888
sub-011,ses-1,SIT,20,417.622,64,1,,sub-011_ses-1_event-020,kept,43.2846697046
sub-011,ses-1,SIT,21,436.756,64,1,,sub-011_ses-1_event-021,kept,42.9462326082
sub-011,ses-1,SIT,22,455.857,32,0,,sub-011_ses-1_event-022,kept,37.2718061854
sub-011,ses-1,SIT,23,475.925,64,1,,sub-011_ses-1_event-023,kept,28.7893888557
sub-011,ses-1,SIT,24,495.025,64,1,,sub-011_ses-1_event-024,kept,28.9821803135
sub-011,ses-1,SIT,25,515.158,32,0,,sub-011_ses-1_event-025,kept,28.2730668018
sub-011,ses-1,SIT,26,535.243,32,0,,sub-011_ses-1_event-026,kept,46.1762544627
sub-011,ses-1,SIT,27,555.325,32,0,,sub-011_ses-1_event-027,kept,43.8351839966
sub-011,ses-1,SIT,28,574.427,32,0,,sub-011_ses-1_event-028,kept,69.3177079681
sub-011,ses-1,SIT,29,594.51,32,0,,sub-011_ses-1_event-029,kept,26.6826503612
sub-011,ses-1,SIT,30,613.611,64,1,,sub-011_ses-1_event-030,kept,39.4516534965
sub-011,ses-1,SIT,31,632.745,64,1,,sub-011_ses-1_event-031,kept,24.5623057068
sub-011,ses-1,SIT,32,651.861,32,0,,sub-011_ses-1_event-032,kept,46.2225991449
sub-011,ses-1,SIT,33,670.963,64,1,,sub-011_ses-1_event-033,kept,27.0402793561
sub-011,ses-1,SIT,34,690.062,64,1,,sub-011_ses-1_event-034,kept,25.0997632279
sub-011,ses-1,SIT,35,710.18,32,0,,sub-011_ses-1_event-035,kept,28.797682701
sub-011,ses-1,SIT,36,729.281,64,1,,sub-011_ses-1_event-036,kept,27.0941887056
sub-011,ses-1,SIT,37,750.398,32,0,,sub-011_ses-1_event-037,kept,32.5405390619
sub-011,ses-1,SIT,38,770.515,32,0,,sub-011_ses-1_event-038,kept,41.6252221536
sub-011,ses-1,SIT,39,789.615,32,0,,sub-011_ses-1_event-039,kept,29.8021194286
sub-012,ses-1,SIT,0,22.281,64,1,,sub-012_ses-1_event-000,kept,48.0327178072
sub-012,ses-1,SIT,1,41.415,64,1,,sub-012_ses-1_event-001,kept,41.418148048
sub-012,ses-1,SIT,2,62.498,32,0,,sub-012_ses-1_event-002,kept,42.9594192969
sub-012,ses-1,SIT,3,81.632,64,1,,sub-012_ses-1_event-003,kept,41.3701038254
sub-012,ses-1,SIT,4,100.749,32,0,,sub-012_ses-1_event-004,kept,65.7595814797
sub-012,ses-1,SIT,5,121.9,32,0,,sub-012_ses-1_event-005,kept,33.2426471784
sub-012,ses-1,SIT,6,143.017,32,0,,sub-012_ses-1_event-006,kept,27.7926540724
sub-012,ses-1,SIT,7,164.151,32,0,,sub-012_ses-1_event-007,kept,20.9100739342
sub-012,ses-1,SIT,8,185.268,32,0,,sub-012_ses-1_event-008,kept,26.9223375498
sub-012,ses-1,SIT,9,206.434,64,1,,sub-012_ses-1_event-009,kept,45.3926109746
sub-012,ses-1,SIT,10,225.536,32,0,,sub-012_ses-1_event-010,kept,37.7798841582
sub-012,ses-1,SIT,11,246.637,64,1,,sub-012_ses-1_event-011,kept,40.3495468272
sub-012,ses-1,SIT,12,265.72,32,0,,sub-012_ses-1_event-012,kept,53.9101770585
sub-012,ses-1,SIT,13,285.854,64,1,,sub-012_ses-1_event-013,kept,22.7945478716
sub-012,ses-1,SIT,14,304.988,64,1,,sub-012_ses-1_event-014,kept,53.2831669058
sub-012,ses-1,SIT,15,325.055,64,1,,sub-012_ses-1_event-015,kept,49.376243095
sub-012,ses-1,SIT,16,346.139,32,0,,sub-012_ses-1_event-016,kept,35.1900893748
sub-012,ses-1,SIT,17,365.255,64,1,,sub-012_ses-1_event-017,kept,35.0150664188
sub-012,ses-1,SIT,18,384.323,64,1,,sub-012_ses-1_event-018,kept,51.8241525559
sub-012,ses-1,SIT,19,405.391,64,1,,sub-012_ses-1_event-019,kept,77.7551114469
sub-012,ses-1,SIT,20,424.473,64,1,,sub-012_ses-1_event-020,kept,53.1066147448
sub-012,ses-1,SIT,21,443.557,64,1,,sub-012_ses-1_event-021,kept,48.1553453841
sub-012,ses-1,SIT,22,462.642,32,0,,sub-012_ses-1_event-022,kept,48.330577001099996
sub-012,ses-1,SIT,23,482.743,64,1,,sub-012_ses-1_event-023,kept,56.0774443062
sub-012,ses-1,SIT,24,501.825,64,1,,sub-012_ses-1_event-024,kept,48.8159618645
sub-012,ses-1,SIT,25,521.91,32,0,,sub-012_ses-1_event-025,kept,35.3402448745
sub-012,ses-1,SIT,26,542.01,32,0,,sub-012_ses-1_event-026,kept,29.7055057171
sub-012,ses-1,SIT,27,562.095,32,0,,sub-012_ses-1_event-027,kept,39.2305514611
sub-012,ses-1,SIT,28,581.195,32,0,,sub-012_ses-1_event-028,kept,35.2383900018
sub-012,ses-1,SIT,29,601.328,32,0,,sub-012_ses-1_event-029,kept,34.5953935346
sub-012,ses-1,SIT,30,620.478,64,1,,sub-012_ses-1_event-030,kept,51.2353884116
sub-012,ses-1,SIT,31,639.597,64,1,,sub-012_ses-1_event-031,kept,57.9778747793
sub-012,ses-1,SIT,32,658.68,32,0,,sub-012_ses-1_event-032,kept,28.16755397
sub-012,ses-1,SIT,33,677.847,64,1,,sub-012_ses-1_event-033,kept,45.0384647821
sub-012,ses-1,SIT,34,696.948,64,1,,sub-012_ses-1_event-034,kept,71.8433010389
sub-012,ses-1,SIT,35,716.998,32,0,,sub-012_ses-1_event-035,kept,27.9715396341
sub-012,ses-1,SIT,36,736.166,64,1,,sub-012_ses-1_event-036,kept,53.8399545823
sub-012,ses-1,SIT,37,757.266,32,0,,sub-012_ses-1_event-037,kept,26.470011371
sub-012,ses-1,SIT,38,777.4,32,0,,sub-012_ses-1_event-038,kept,36.5257525275
sub-012,ses-1,SIT,39,796.517,32,0,,sub-012_ses-1_event-039,kept,31.1768323155
sub-013,ses-1,SIT,0,19.808,64,1,,sub-013_ses-1_event-000,kept,79.0440213486
sub-013,ses-1,SIT,1,38.908,64,1,,sub-013_ses-1_event-001,kept,73.1114172663
sub-013,ses-1,SIT,2,60.058,32,0,,sub-013_ses-1_event-002,kept,42.6885797583
sub-013,ses-1,SIT,3,79.21,64,1,,sub-013_ses-1_event-003,kept,43.2971826994
sub-013,ses-1,SIT,4,97.326,32,0,,sub-013_ses-1_event-004,kept,37.5953194173
sub-013,ses-1,SIT,5,118.394,32,0,,sub-013_ses-1_event-005,kept,38.7970089285
sub-013,ses-1,SIT,6,139.528,32,0,,sub-013_ses-1_event-006,kept,72.8196429504
sub-013,ses-1,SIT,7,160.595,32,0,,sub-013_ses-1_event-007,kept,56.4468594664
sub-013,ses-1,SIT,8,181.696,32,0,,sub-013_ses-1_event-008,kept,32.9963466849
sub-013,ses-1,SIT,9,202.845,64,1,,sub-013_ses-1_event-009,kept,53.4920968499
sub-013,ses-1,SIT,10,222.013,32,0,,sub-013_ses-1_event-010,kept,36.5760498002
sub-013,ses-1,SIT,11,243.196,64,1,,sub-013_ses-1_event-011,kept,79.1563980007
sub-013,ses-1,SIT,12,262.348,32,0,,sub-013_ses-1_event-012,kept,64.5102042676
sub-013,ses-1,SIT,13,282.431,64,1,,sub-013_ses-1_event-013,kept,85.0918994251
sub-013,ses-1,SIT,14,301.549,64,1,,sub-013_ses-1_event-014,kept,63.4914989523
sub-013,ses-1,SIT,15,321.683,64,1,,sub-013_ses-1_event-015,kept,58.58651382
sub-013,ses-1,SIT,16,342.882,32,0,,sub-013_ses-1_event-016,kept,49.4131654487
sub-013,ses-1,SIT,17,361.95,64,1,,sub-013_ses-1_event-017,kept,57.9634400843
sub-013,ses-1,SIT,18,381.101,64,1,,sub-013_ses-1_event-018,kept,76.1534270889
sub-013,ses-1,SIT,19,402.25,64,1,,sub-013_ses-1_event-019,kept,72.2754517305
sub-013,ses-1,SIT,20,421.352,64,1,,sub-013_ses-1_event-020,kept,60.8963376251
sub-013,ses-1,SIT,21,440.486,64,1,,sub-013_ses-1_event-021,kept,70.8265877092
sub-013,ses-1,SIT,22,459.635,32,0,,sub-013_ses-1_event-022,kept,50.8781488795
sub-013,ses-1,SIT,23,479.769,64,1,,sub-013_ses-1_event-023,kept,67.0842505401
sub-013,ses-1,SIT,24,498.871,64,1,,sub-013_ses-1_event-024,kept,71.8546782705
sub-013,ses-1,SIT,25,518.987,32,0,,sub-013_ses-1_event-025,kept,61.6437254984
sub-013,ses-1,SIT,26,539.105,32,0,,sub-013_ses-1_event-026,kept,50.7113992635
sub-013,ses-1,SIT,27,559.272,32,0,,sub-013_ses-1_event-027,kept,26.3669064253
sub-013,ses-1,SIT,28,578.422,32,0,,sub-013_ses-1_event-028,kept,75.8476367521
sub-013,ses-1,SIT,29,598.539,32,0,,sub-013_ses-1_event-029,kept,61.7571242156
sub-013,ses-1,SIT,30,617.64,64,1,,sub-013_ses-1_event-030,kept,64.5412577627
sub-013,ses-1,SIT,31,636.79,64,1,,sub-013_ses-1_event-031,kept,77.0283827087
sub-013,ses-1,SIT,32,655.925,32,0,,sub-013_ses-1_event-032,kept,39.4655578462
sub-013,ses-1,SIT,33,675.075,64,1,,sub-013_ses-1_event-033,kept,73.7934143923
sub-013,ses-1,SIT,34,694.191,64,1,,sub-013_ses-1_event-034,kept,48.359860491
sub-013,ses-1,SIT,35,714.325,32,0,,sub-013_ses-1_event-035,kept,62.4048430838
sub-013,ses-1,SIT,36,733.493,64,1,,sub-013_ses-1_event-036,kept,48.0199479622
sub-013,ses-1,SIT,37,754.611,32,0,,sub-013_ses-1_event-037,kept,53.9668848671
sub-013,ses-1,SIT,38,774.744,32,0,,sub-013_ses-1_event-038,kept,49.3263754333
sub-013,ses-1,SIT,39,793.861,32,0,,sub-013_ses-1_event-039,kept,60.7872952961
sub-014,ses-1,SIT,0,18.494,64,1,,sub-014_ses-1_event-000,kept,83.0436266916
sub-014,ses-1,SIT,1,37.594,64,1,,sub-014_ses-1_event-001,kept,68.7409850151
sub-014,ses-1,SIT,2,58.728,32,0,,sub-014_ses-1_event-002,kept,62.7723448104
sub-014,ses-1,SIT,3,77.812,64,1,,sub-014_ses-1_event-003,kept,71.5425712105
sub-014,ses-1,SIT,4,96.929,32,0,,sub-014_ses-1_event-004,kept,52.738425200500004
sub-014,ses-1,SIT,5,118.013,32,0,,sub-014_ses-1_event-005,kept,130.6756169787
sub-014,ses-1,SIT,6,139.062,32,0,,sub-014_ses-1_event-006,kept,45.5654365997
sub-014,ses-1,SIT,7,160.13,32,0,,sub-014_ses-1_event-007,kept,94.495679434
sub-014,ses-1,SIT,8,181.231,32,0,,sub-014_ses-1_event-008,kept,64.3416726824
sub-014,ses-1,SIT,9,201.365,64,1,,sub-014_ses-1_event-009,kept,47.640796902299996
sub-014,ses-1,SIT,10,220.464,32,0,,sub-014_ses-1_event-010,kept,62.7581547597
sub-014,ses-1,SIT,11,241.549,64,1,,sub-014_ses-1_event-011,kept,54.0385198004
sub-014,ses-1,SIT,12,260.633,32,0,,sub-014_ses-1_event-012,kept,33.9330485225
sub-014,ses-1,SIT,13,280.717,64,1,,sub-014_ses-1_event-013,kept,63.7306742939
sub-014,ses-1,SIT,14,299.767,64,1,,sub-014_ses-1_event-014,kept,92.6547674389
sub-014,ses-1,SIT,15,319.818,64,1,,sub-014_ses-1_event-015,kept,44.2090884964
sub-014,ses-1,SIT,16,340.884,32,0,,sub-014_ses-1_event-016,kept,84.7375191565
sub-014,ses-1,SIT,17,359.969,64,1,,sub-014_ses-1_event-017,kept,29.5503678223
sub-014,ses-1,SIT,18,379.036,64,1,,sub-014_ses-1_event-018,kept,72.4142333096
sub-014,ses-1,SIT,19,400.119,64,1,,sub-014_ses-1_event-019,kept,28.723488332
sub-014,ses-1,SIT,20,419.17,64,1,,sub-014_ses-1_event-020,kept,83.7784257969
sub-014,ses-1,SIT,21,437.938,64,1,,sub-014_ses-1_event-021,kept,50.1094728902
sub-014,ses-1,SIT,22,457.021,32,0,,sub-014_ses-1_event-022,kept,59.5207567538
sub-014,ses-1,SIT,23,477.089,64,1,,sub-014_ses-1_event-023,kept,65.7201907845
sub-014,ses-1,SIT,24,496.156,64,1,,sub-014_ses-1_event-024,kept,55.8458681246
sub-014,ses-1,SIT,25,516.24,32,0,,sub-014_ses-1_event-025,kept,52.8756423184
sub-014,ses-1,SIT,26,536.29,32,0,,sub-014_ses-1_event-026,kept,92.1870954745
sub-014,ses-1,SIT,27,555.99,32,0,,sub-014_ses-1_event-027,kept,33.9864487442
sub-014,ses-1,SIT,28,575.108,32,0,,sub-014_ses-1_event-028,kept,60.8666239798
sub-014,ses-1,SIT,29,595.192,32,0,,sub-014_ses-1_event-029,kept,55.2399668862
sub-014,ses-1,SIT,30,613.875,64,1,,sub-014_ses-1_event-030,kept,49.2107529114
sub-014,ses-1,SIT,31,632.959,64,1,,sub-014_ses-1_event-031,kept,54.8933935076
sub-014,ses-1,SIT,32,652.076,32,0,,sub-014_ses-1_event-032,kept,38.0500348333
sub-014,ses-1,SIT,33,671.16,64,1,,sub-014_ses-1_event-033,kept,58.918842682
sub-014,ses-1,SIT,34,690.244,64,1,,sub-014_ses-1_event-034,kept,48.39699884
sub-014,ses-1,SIT,35,710.311,32,0,,sub-014_ses-1_event-035,kept,26.4358203546
sub-014,ses-1,SIT,36,729.361,64,1,,sub-014_ses-1_event-036,kept,47.2954097872
sub-014,ses-1,SIT,37,749.496,32,0,,sub-014_ses-1_event-037,kept,47.404119092
sub-014,ses-1,SIT,38,769.563,32,0,,sub-014_ses-1_event-038,kept,51.1211388879
sub-014,ses-1,SIT,39,788.663,32,0,,sub-014_ses-1_event-039,kept,79.6331173844
sub-015,ses-1,SIT,0,18.839,64,1,,sub-015_ses-1_event-000,kept,55.7978470714
sub-015,ses-1,SIT,1,37.906,64,1,,sub-015_ses-1_event-001,kept,91.0344579408
sub-015,ses-1,SIT,2,58.973,32,0,,sub-015_ses-1_event-002,kept,87.6986810703
sub-015,ses-1,SIT,3,78.058,64,1,,sub-015_ses-1_event-003,kept,77.8232796752
sub-015,ses-1,SIT,4,97.141,32,0,,sub-015_ses-1_event-004,kept,87.79439888
sub-015,ses-1,SIT,5,118.225,32,0,,sub-015_ses-1_event-005,kept,63.0910892939
sub-015,ses-1,SIT,6,139.342,32,0,,sub-015_ses-1_event-006,kept,67.3439913872
sub-015,ses-1,SIT,7,160.392,32,0,,sub-015_ses-1_event-007,kept,90.1808820392
sub-015,ses-1,SIT,8,181.476,32,0,,sub-015_ses-1_event-008,kept,44.8422841344
sub-015,ses-1,SIT,9,202.543,64,1,,sub-015_ses-1_event-009,kept,74.2848292315
sub-015,ses-1,SIT,10,221.211,32,0,,sub-015_ses-1_event-010,kept,82.3951629238
sub-015,ses-1,SIT,11,242.278,64,1,,sub-015_ses-1_event-011,kept,50.4446938172
sub-015,ses-1,SIT,12,261.363,32,0,,sub-015_ses-1_event-012,kept,75.7138212356
sub-015,ses-1,SIT,13,281.479,64,1,,sub-015_ses-1_event-013,kept,92.4223763049
sub-015,ses-1,SIT,14,299.729,64,1,,sub-015_ses-1_event-014,kept,88.3489115158
sub-015,ses-1,SIT,15,319.78,64,1,,sub-015_ses-1_event-015,kept,58.8859750835
sub-015,ses-1,SIT,16,340.83,32,0,,sub-015_ses-1_event-016,kept,69.9152999804
sub-015,ses-1,SIT,17,359.949,64,1,,sub-015_ses-1_event-017,kept,94.6872257
sub-015,ses-1,SIT,18,378.315,64,1,,sub-015_ses-1_event-018,kept,48.5100389793
sub-015,ses-1,SIT,19,399.365,64,1,,sub-015_ses-1_event-019,kept,47.4514901396
sub-015,ses-1,SIT,20,417.999,64,1,,sub-015_ses-1_event-020,kept,40.2259595647
sub-015,ses-1,SIT,21,437.083,64,1,,sub-015_ses-1_event-021,kept,81.9060949815
sub-015,ses-1,SIT,22,455.5,32,0,,sub-015_ses-1_event-022,kept,71.8499890128
sub-015,ses-1,SIT,23,475.551,64,1,,sub-015_ses-1_event-023,kept,60.385566705
sub-015,ses-1,SIT,24,493.684,64,1,,sub-015_ses-1_event-024,kept,76.115608994
sub-015,ses-1,SIT,25,512.818,32,0,,sub-015_ses-1_event-025,kept,81.9005162823
sub-015,ses-1,SIT,26,531.952,32,0,,sub-015_ses-1_event-026,kept,48.5987095758
sub-015,ses-1,SIT,27,552.069,32,0,,sub-015_ses-1_event-027,kept,117.4624664208
sub-015,ses-1,SIT,28,571.186,32,0,,sub-015_ses-1_event-028,kept,81.394471332
sub-015,ses-1,SIT,29,591.287,32,0,,sub-015_ses-1_event-029,kept,87.1493441589
sub-015,ses-1,SIT,30,610.437,64,1,,sub-015_ses-1_event-030,kept,75.596684452
sub-015,ses-1,SIT,31,629.521,64,1,,sub-015_ses-1_event-031,kept,81.3183968118
sub-015,ses-1,SIT,32,648.223,32,0,,sub-015_ses-1_event-032,kept,82.6467041975
sub-015,ses-1,SIT,33,667.356,64,1,,sub-015_ses-1_event-033,kept,85.2962154389
sub-015,ses-1,SIT,34,685.373,64,1,,sub-015_ses-1_event-034,kept,43.7953541142
sub-015,ses-1,SIT,35,704.39,32,0,,sub-015_ses-1_event-035,kept,92.3432011812
sub-015,ses-1,SIT,36,723.508,64,1,,sub-015_ses-1_event-036,kept,104.5752560547
sub-015,ses-1,SIT,37,744.574,32,0,,sub-015_ses-1_event-037,kept,84.9416281512
sub-015,ses-1,SIT,38,764.675,32,0,,sub-015_ses-1_event-038,kept,98.2135038988
sub-015,ses-1,SIT,39,783.809,32,0,,sub-015_ses-1_event-039,kept,91.3693718225
sub-016,ses-1,SIT,0,25.459,64,1,,sub-016_ses-1_event-000,kept,62.0026568553
sub-016,ses-1,SIT,1,44.642,64,1,,sub-016_ses-1_event-001,kept,69.5105600401
sub-016,ses-1,SIT,2,61.393,32,0,,sub-016_ses-1_event-002,kept,35.0979570822
sub-016,ses-1,SIT,3,80.493,64,1,,sub-016_ses-1_event-003,kept,33.3020733369
sub-016,ses-1,SIT,4,99.594,32,0,,sub-016_ses-1_event-004,kept,45.3039353907
sub-016,ses-1,SIT,5,116.461,32,0,,sub-016_ses-1_event-005,kept,58.5655778719
sub-016,ses-1,SIT,6,133.295,32,0,,sub-016_ses-1_event-006,kept,68.1738525363
sub-016,ses-1,SIT,7,150.179,32,0,,sub-016_ses-1_event-007,kept,28.8433976392
sub-016,ses-1,SIT,8,167.046,32,0,,sub-016_ses-1_event-008,kept,71.9885435786
sub-016,ses-1,SIT,9,183.913,64,1,,sub-016_ses-1_event-009,kept,78.1416755618
sub-016,ses-1,SIT,10,198.763,32,0,,sub-016_ses-1_event-010,kept,55.2808579604
sub-016,ses-1,SIT,11,215.597,64,1,,sub-016_ses-1_event-011,kept,77.5805225414
sub-016,ses-1,SIT,12,230.414,32,0,,sub-016_ses-1_event-012,kept,75.3286191439
sub-016,ses-1,SIT,13,246.231,64,1,,sub-016_ses-1_event-013,kept,65.0336037985
sub-016,ses-1,SIT,14,261.048,64,1,,sub-016_ses-1_event-014,kept,81.2062043624
sub-016,ses-1,SIT,15,276.898,64,1,,sub-016_ses-1_event-015,kept,58.6841189679
sub-016,ses-1,SIT,16,293.749,32,0,,sub-016_ses-1_event-016,kept,83.5873346188
sub-016,ses-1,SIT,17,308.616,64,1,,sub-016_ses-1_event-017,kept,81.0443214169
sub-016,ses-1,SIT,18,323.466,64,1,,sub-016_ses-1_event-018,kept,82.2931617696
sub-016,ses-1,SIT,19,340.317,64,1,,sub-016_ses-1_event-019,kept,59.5848248577
sub-016,ses-1,SIT,20,355.134,64,1,,sub-016_ses-1_event-020,kept,54.3442380758
sub-016,ses-1,SIT,21,369.951,64,1,,sub-016_ses-1_event-021,kept,74.6373419889
sub-016,ses-1,SIT,22,384.768,32,0,,sub-016_ses-1_event-022,kept,48.1796438701
sub-016,ses-1,SIT,23,400.652,64,1,,sub-016_ses-1_event-023,kept,94.485525749
sub-016,ses-1,SIT,24,415.485,64,1,,sub-016_ses-1_event-024,kept,88.7555419119
sub-016,ses-1,SIT,25,431.302,32,0,,sub-016_ses-1_event-025,kept,86.3310153936
sub-016,ses-1,SIT,26,447.136,32,0,,sub-016_ses-1_event-026,kept,61.3192190455
sub-016,ses-1,SIT,27,462.987,32,0,,sub-016_ses-1_event-027,kept,77.172930939
sub-016,ses-1,SIT,28,477.904,32,0,,sub-016_ses-1_event-028,kept,71.5488923208
sub-016,ses-1,SIT,29,493.754,32,0,,sub-016_ses-1_event-029,kept,45.9040249324
sub-016,ses-1,SIT,30,508.588,64,1,,sub-016_ses-1_event-030,kept,112.9851824119
sub-016,ses-1,SIT,31,523.388,64,1,,sub-016_ses-1_event-031,kept,66.6981168784
sub-016,ses-1,SIT,32,542.522,32,0,,sub-016_ses-1_event-032,kept,71.6834854201
sub-016,ses-1,SIT,33,560.722,64,1,,sub-016_ses-1_event-033,kept,59.4833543115
sub-016,ses-1,SIT,34,578.94,64,1,,sub-016_ses-1_event-034,kept,31.3639463998
sub-016,ses-1,SIT,35,598.107,32,0,,sub-016_ses-1_event-035,kept,66.3074920872
sub-016,ses-1,SIT,36,616.274,64,1,,sub-016_ses-1_event-036,kept,71.4423135322
sub-016,ses-1,SIT,37,636.424,32,0,,sub-016_ses-1_event-037,kept,51.1186580813
sub-016,ses-1,SIT,38,655.625,32,0,,sub-016_ses-1_event-038,kept,60.794176713
sub-016,ses-1,SIT,39,673.809,32,0,,sub-016_ses-1_event-039,kept,57.7081061854
sub-017,ses-1,SIT,0,13.517,64,1,,sub-017_ses-1_event-000,kept,44.2402358018
sub-017,ses-1,SIT,1,32.602,64,1,,sub-017_ses-1_event-001,kept,41.5201258207
sub-017,ses-1,SIT,2,53.685,32,0,,sub-017_ses-1_event-002,kept,29.4527236866
sub-017,ses-1,SIT,3,72.802,64,1,,sub-017_ses-1_event-003,kept,43.963513502
sub-017,ses-1,SIT,4,91.886,32,0,,sub-017_ses-1_event-004,kept,33.4566230458
sub-017,ses-1,SIT,5,112.988,32,0,,sub-017_ses-1_event-005,kept,47.2191894873
sub-017,ses-1,SIT,6,134.054,32,0,,sub-017_ses-1_event-006,kept,36.6541708252
sub-017,ses-1,SIT,7,155.121,32,0,,sub-017_ses-1_event-007,kept,36.622056381
sub-017,ses-1,SIT,8,176.205,32,0,,sub-017_ses-1_event-008,kept,48.2684207
sub-017,ses-1,SIT,9,197.289,64,1,,sub-017_ses-1_event-009,kept,66.6759395511
sub-017,ses-1,SIT,10,216.373,32,0,,sub-017_ses-1_event-010,kept,38.2608073179
sub-017,ses-1,SIT,11,237.473,64,1,,sub-017_ses-1_event-011,kept,35.9429028968
sub-017,ses-1,SIT,12,256.557,32,0,,sub-017_ses-1_event-012,kept,51.1454001291
sub-017,ses-1,SIT,13,276.641,64,1,,sub-017_ses-1_event-013,kept,42.9023565222
sub-017,ses-1,SIT,14,295.708,64,1,,sub-017_ses-1_event-014,kept,54.9484326311
sub-017,ses-1,SIT,15,315.825,64,1,,sub-017_ses-1_event-015,kept,59.6783490034
sub-017,ses-1,SIT,16,336.926,32,0,,sub-017_ses-1_event-016,kept,39.9277779012
sub-017,ses-1,SIT,17,355.993,64,1,,sub-017_ses-1_event-017,kept,41.6891587561
sub-017,ses-1,SIT,18,375.093,64,1,,sub-017_ses-1_event-018,kept,40.9866881754
sub-017,ses-1,SIT,19,396.211,64,1,,sub-017_ses-1_event-019,kept,50.6408868195
sub-017,ses-1,SIT,20,415.294,64,1,,sub-017_ses-1_event-020,kept,73.4704249204
sub-017,ses-1,SIT,21,434.362,64,1,,sub-017_ses-1_event-021,kept,46.9893859494
sub-017,ses-1,SIT,22,453.495,32,0,,sub-017_ses-1_event-022,kept,38.402090532
sub-017,ses-1,SIT,23,473.597,64,1,,sub-017_ses-1_event-023,kept,45.2901395641
sub-017,ses-1,SIT,24,492.68,64,1,,sub-017_ses-1_event-024,kept,54.9658922797
sub-017,ses-1,SIT,25,512.78,32,0,,sub-017_ses-1_event-025,kept,44.672138843
sub-017,ses-1,SIT,26,532.947,32,0,,sub-017_ses-1_event-026,kept,40.461447573
sub-017,ses-1,SIT,27,553.065,32,0,,sub-017_ses-1_event-027,kept,34.1846414813
sub-017,ses-1,SIT,28,572.148,32,0,,sub-017_ses-1_event-028,kept,49.0937475792
sub-017,ses-1,SIT,29,592.217,32,0,,sub-017_ses-1_event-029,kept,42.3882074658
sub-017,ses-1,SIT,30,611.283,64,1,,sub-017_ses-1_event-030,kept,47.369686219
sub-017,ses-1,SIT,31,630.367,64,1,,sub-017_ses-1_event-031,kept,40.2350066689
sub-017,ses-1,SIT,32,649.484,32,0,,sub-017_ses-1_event-032,kept,31.7106561158
sub-017,ses-1,SIT,33,668.601,64,1,,sub-017_ses-1_event-033,kept,26.3468473298
sub-017,ses-1,SIT,34,687.668,64,1,,sub-017_ses-1_event-034,kept,46.0428401658
sub-017,ses-1,SIT,35,707.802,32,0,,sub-017_ses-1_event-035,kept,36.2125207383
sub-017,ses-1,SIT,36,726.97,64,1,,sub-017_ses-1_event-036,kept,40.1728962272
sub-017,ses-1,SIT,37,748.053,32,0,,sub-017_ses-1_event-037,kept,38.0578868717
sub-017,ses-1,SIT,38,768.204,32,0,,sub-017_ses-1_event-038,kept,44.5631193841
sub-017,ses-1,SIT,39,787.355,32,0,,sub-017_ses-1_event-039,kept,45.7241914896
sub-018,ses-1,SIT,0,23.849,64,1,,sub-018_ses-1_event-000,kept,55.9930845536
sub-018,ses-1,SIT,1,42.967,64,1,,sub-018_ses-1_event-001,kept,60.2968494638
sub-018,ses-1,SIT,2,64.068,32,0,,sub-018_ses-1_event-002,kept,53.3889602082
sub-018,ses-1,SIT,3,83.151,64,1,,sub-018_ses-1_event-003,kept,54.6531616868
sub-018,ses-1,SIT,4,102.236,32,0,,sub-018_ses-1_event-004,kept,70.5495940105
sub-018,ses-1,SIT,5,123.319,32,0,,sub-018_ses-1_event-005,kept,75.7943766162
sub-018,ses-1,SIT,6,144.402,32,0,,sub-018_ses-1_event-006,kept,55.9478208493
sub-018,ses-1,SIT,7,165.486,32,0,,sub-018_ses-1_event-007,kept,69.9655214206
sub-018,ses-1,SIT,8,186.57,32,0,,sub-018_ses-1_event-008,kept,66.2054517209
sub-018,ses-1,SIT,9,207.654,64,1,,sub-018_ses-1_event-009,kept,89.2017099938
sub-018,ses-1,SIT,10,226.739,32,0,,sub-018_ses-1_event-010,kept,63.5078443234
sub-018,ses-1,SIT,11,247.805,64,1,,sub-018_ses-1_event-011,kept,89.1895793217
sub-018,ses-1,SIT,12,266.907,32,0,,sub-018_ses-1_event-012,kept,74.6451996473
sub-018,ses-1,SIT,13,287.006,64,1,,sub-018_ses-1_event-013,kept,81.8253459018
sub-018,ses-1,SIT,14,306.124,64,1,,sub-018_ses-1_event-014,kept,74.2962360717
sub-018,ses-1,SIT,15,326.224,64,1,,sub-018_ses-1_event-015,kept,83.8099487698
sub-018,ses-1,SIT,16,347.358,32,0,,sub-018_ses-1_event-016,kept,75.267115131
sub-018,ses-1,SIT,17,366.458,64,1,,sub-018_ses-1_event-017,kept,68.4903868037
sub-018,ses-1,SIT,18,385.559,64,1,,sub-018_ses-1_event-018,kept,88.0614585941
sub-018,ses-1,SIT,19,406.644,64,1,,sub-018_ses-1_event-019,kept,70.2750235232
sub-018,ses-1,SIT,20,425.727,64,1,,sub-018_ses-1_event-020,kept,95.7056280388
sub-018,ses-1,SIT,21,444.828,64,1,,sub-018_ses-1_event-021,kept,92.7759722933
sub-018,ses-1,SIT,22,463.961,32,0,,sub-018_ses-1_event-022,kept,74.6162840005
sub-018,ses-1,SIT,23,480.746,64,1,,sub-018_ses-1_event-023,kept,62.9049166681
sub-018,ses-1,SIT,24,499.863,64,1,,sub-018_ses-1_event-024,kept,76.1733694978
sub-018,ses-1,SIT,25,519.996,32,0,,sub-018_ses-1_event-025,kept,89.1965355198
sub-018,ses-1,SIT,26,540.096,32,0,,sub-018_ses-1_event-026,kept,73.2704657885
sub-018,ses-1,SIT,27,560.164,32,0,,sub-018_ses-1_event-027,kept,80.7247741021
sub-018,ses-1,SIT,28,579.247,32,0,,sub-018_ses-1_event-028,kept,104.1717548107
sub-018,ses-1,SIT,29,599.348,32,0,,sub-018_ses-1_event-029,kept,73.4658466132
sub-018,ses-1,SIT,30,618.466,64,1,,sub-018_ses-1_event-030,kept,75.4899347508
sub-018,ses-1,SIT,31,637.532,64,1,,sub-018_ses-1_event-031,kept,79.6435942765
sub-018,ses-1,SIT,32,656.633,32,0,,sub-018_ses-1_event-032,kept,24.9924724471
sub-018,ses-1,SIT,33,675.717,64,1,,sub-018_ses-1_event-033,kept,69.9003648568
sub-018,ses-1,SIT,34,694.785,64,1,,sub-018_ses-1_event-034,kept,32.9498524667
sub-018,ses-1,SIT,35,714.868,32,0,,sub-018_ses-1_event-035,kept,85.3649013137
sub-018,ses-1,SIT,36,733.935,64,1,,sub-018_ses-1_event-036,kept,73.7582735061
sub-018,ses-1,SIT,37,755.019,32,0,,sub-018_ses-1_event-037,kept,66.8808161468
sub-018,ses-1,SIT,38,775.086,32,0,,sub-018_ses-1_event-038,kept,26.0543683309
sub-018,ses-1,SIT,39,794.187,32,0,,sub-018_ses-1_event-039,kept,54.2115962794
sub-019,ses-1,SIT,0,15.568,64,1,,sub-019_ses-1_event-000,kept,77.2186166032
sub-019,ses-1,SIT,1,34.686,64,1,,sub-019_ses-1_event-001,kept,60.5289079615
sub-019,ses-1,SIT,2,55.802,32,0,,sub-019_ses-1_event-002,kept,42.6095153303
sub-019,ses-1,SIT,3,74.92,64,1,,sub-019_ses-1_event-003,kept,26.9592670156
sub-019,ses-1,SIT,4,94.019,32,0,,sub-019_ses-1_event-004,kept,37.8592786223
sub-019,ses-1,SIT,5,115.07,32,0,,sub-019_ses-1_event-005,kept,34.2649201306
sub-019,ses-1,SIT,6,136.171,32,0,,sub-019_ses-1_event-006,kept,59.7343055761
sub-019,ses-1,SIT,7,156.388,32,0,,sub-019_ses-1_event-007,kept,36.5609607546
sub-019,ses-1,SIT,8,177.456,32,0,,sub-019_ses-1_event-008,kept,33.0167480631
sub-019,ses-1,SIT,9,198.523,64,1,,sub-019_ses-1_event-009,kept,97.5399223828
sub-019,ses-1,SIT,10,217.624,32,0,,sub-019_ses-1_event-010,kept,36.9755917423
sub-019,ses-1,SIT,11,238.707,64,1,,sub-019_ses-1_event-011,kept,69.0388082308
sub-019,ses-1,SIT,12,257.808,32,0,,sub-019_ses-1_event-012,kept,40.1808889487
sub-019,ses-1,SIT,13,277.924,64,1,,sub-019_ses-1_event-013,kept,36.6758741204
sub-019,ses-1,SIT,14,297.026,64,1,,sub-019_ses-1_event-014,kept,32.3399049924
sub-019,ses-1,SIT,15,317.143,64,1,,sub-019_ses-1_event-015,kept,61.4396139079
sub-019,ses-1,SIT,16,338.259,32,0,,sub-019_ses-1_event-016,kept,58.7502955634
sub-019,ses-1,SIT,17,357.309,64,1,,sub-019_ses-1_event-017,kept,35.670084916
sub-019,ses-1,SIT,18,376.394,64,1,,sub-019_ses-1_event-018,kept,55.3526941285
sub-019,ses-1,SIT,19,397.495,64,1,,sub-019_ses-1_event-019,kept,50.4266453519
sub-019,ses-1,SIT,20,416.628,64,1,,sub-019_ses-1_event-020,kept,71.6747309218
sub-019,ses-1,SIT,21,435.712,64,1,,sub-019_ses-1_event-021,kept,71.4340911783
sub-019,ses-1,SIT,22,454.796,32,0,,sub-019_ses-1_event-022,kept,37.0551714905
sub-019,ses-1,SIT,23,474.863,64,1,,sub-019_ses-1_event-023,kept,350.7062931745
sub-019,ses-1,SIT,25,514.081,32,0,,sub-019_ses-1_event-025,kept,93.2572415145
sub-019,ses-1,SIT,26,532.998,32,0,,sub-019_ses-1_event-026,kept,42.6553101362
sub-019,ses-1,SIT,27,553.064,32,0,,sub-019_ses-1_event-027,kept,25.5483618233
sub-019,ses-1,SIT,28,572.148,32,0,,sub-019_ses-1_event-028,kept,31.1603036824
sub-019,ses-1,SIT,29,592.233,32,0,,sub-019_ses-1_event-029,kept,41.4021897232
sub-019,ses-1,SIT,30,610.533,64,1,,sub-019_ses-1_event-030,kept,41.791118946
sub-019,ses-1,SIT,31,629.634,64,1,,sub-019_ses-1_event-031,kept,22.2649776017
sub-019,ses-1,SIT,32,648.684,32,0,,sub-019_ses-1_event-032,kept,32.6385860494
sub-019,ses-1,SIT,33,667.167,64,1,,sub-019_ses-1_event-033,kept,101.7562147969
sub-019,ses-1,SIT,34,686.252,64,1,,sub-019_ses-1_event-034,kept,86.9210006869
sub-019,ses-1,SIT,35,706.352,32,0,,sub-019_ses-1_event-035,kept,32.156371559
sub-019,ses-1,SIT,36,725.47,64,1,,sub-019_ses-1_event-036,kept,35.3972227107
sub-019,ses-1,SIT,37,746.569,32,0,,sub-019_ses-1_event-037,kept,32.2433844796
sub-019,ses-1,SIT,38,766.621,32,0,,sub-019_ses-1_event-038,kept,27.5425117835
sub-019,ses-1,SIT,39,785.055,32,0,,sub-019_ses-1_event-039,kept,35.7885797667
sub-020,ses-1,SIT,0,35.904,64,1,,sub-020_ses-1_event-000,kept,56.7350204182
sub-020,ses-1,SIT,1,55.005,64,1,,sub-020_ses-1_event-001,kept,54.4167574574
sub-020,ses-1,SIT,2,76.072,32,0,,sub-020_ses-1_event-002,kept,49.1486001679
sub-020,ses-1,SIT,3,95.172,64,1,,sub-020_ses-1_event-003,kept,60.7165137076
sub-020,ses-1,SIT,4,114.256,32,0,,sub-020_ses-1_event-004,kept,47.241242363
sub-020,ses-1,SIT,5,135.374,32,0,,sub-020_ses-1_event-005,kept,32.4095176964
sub-020,ses-1,SIT,6,156.457,32,0,,sub-020_ses-1_event-006,kept,77.6757576222
sub-020,ses-1,SIT,7,177.541,32,0,,sub-020_ses-1_event-007,kept,66.98861775579999
sub-020,ses-1,SIT,8,198.642,32,0,,sub-020_ses-1_event-008,kept,68.3433486985
sub-020,ses-1,SIT,9,219.759,64,1,,sub-020_ses-1_event-009,kept,62.4853644018
sub-020,ses-1,SIT,10,238.826,32,0,,sub-020_ses-1_event-010,kept,69.0862046654
sub-020,ses-1,SIT,11,259.96,64,1,,sub-020_ses-1_event-011,kept,53.4220053014
sub-020,ses-1,SIT,12,279.06,32,0,,sub-020_ses-1_event-012,kept,78.7830361011
sub-020,ses-1,SIT,13,299.16,64,1,,sub-020_ses-1_event-013,kept,60.813491662
sub-020,ses-1,SIT,14,317.595,64,1,,sub-020_ses-1_event-014,kept,59.8516239046
sub-020,ses-1,SIT,15,337.746,64,1,,sub-020_ses-1_event-015,kept,66.0256309349
sub-020,ses-1,SIT,16,358.846,32,0,,sub-020_ses-1_event-016,kept,60.9760132714
sub-020,ses-1,SIT,17,377.946,64,1,,sub-020_ses-1_event-017,kept,61.2439605857
sub-020,ses-1,SIT,18,397.047,64,1,,sub-020_ses-1_event-018,kept,65.1372309361
sub-020,ses-1,SIT,19,418.148,64,1,,sub-020_ses-1_event-019,kept,56.4369122417
sub-020,ses-1,SIT,20,437.231,64,1,,sub-020_ses-1_event-020,kept,55.687643209
sub-020,ses-1,SIT,21,456.282,64,1,,sub-020_ses-1_event-021,kept,67.1178663061
sub-020,ses-1,SIT,22,475.366,32,0,,sub-020_ses-1_event-022,kept,70.4695438535
sub-020,ses-1,SIT,23,495.466,64,1,,sub-020_ses-1_event-023,kept,66.6880593584
sub-020,ses-1,SIT,24,514.55,64,1,,sub-020_ses-1_event-024,kept,32.5244717277
sub-020,ses-1,SIT,25,534.651,32,0,,sub-020_ses-1_event-025,kept,24.7695007624
sub-020,ses-1,SIT,26,554.785,32,0,,sub-020_ses-1_event-026,kept,23.5815858699
sub-020,ses-1,SIT,27,574.918,32,0,,sub-020_ses-1_event-027,kept,57.6288347361
sub-020,ses-1,SIT,28,594.052,32,0,,sub-020_ses-1_event-028,kept,41.5076704521
sub-020,ses-1,SIT,29,614.185,32,0,,sub-020_ses-1_event-029,kept,22.3452535171
sub-020,ses-1,SIT,30,633.303,64,1,,sub-020_ses-1_event-030,kept,25.5050032303
sub-020,ses-1,SIT,31,652.387,64,1,,sub-020_ses-1_event-031,kept,41.1907081905
sub-020,ses-1,SIT,32,671.471,32,0,,sub-020_ses-1_event-032,kept,40.817630651
sub-020,ses-1,SIT,33,690.588,64,1,,sub-020_ses-1_event-033,kept,26.2859246908
sub-020,ses-1,SIT,34,709.705,64,1,,sub-020_ses-1_event-034,kept,27.4975078017
sub-020,ses-1,SIT,35,729.805,32,0,,sub-020_ses-1_event-035,kept,25.4117993339
sub-020,ses-1,SIT,36,748.94,64,1,,sub-020_ses-1_event-036,kept,23.3890866198
sub-020,ses-1,SIT,37,770.057,32,0,,sub-020_ses-1_event-037,kept,18.9842639184
sub-020,ses-1,SIT,38,790.174,32,0,,sub-020_ses-1_event-038,kept,61.0255262872
sub-020,ses-1,SIT,39,809.291,32,0,,sub-020_ses-1_event-039,kept,38.3377235055
sub-021,ses-1,SIT,0,43.613,64,1,,sub-021_ses-1_event-000,kept,56.7533580246
sub-021,ses-1,SIT,1,62.731,64,1,,sub-021_ses-1_event-001,kept,114.4926890037
sub-021,ses-1,SIT,2,83.898,32,0,,sub-021_ses-1_event-002,kept,96.1183729933
sub-021,ses-1,SIT,3,102.998,64,1,,sub-021_ses-1_event-003,kept,121.0652852793
sub-021,ses-1,SIT,4,122.116,32,0,,sub-021_ses-1_event-004,kept,89.6210660425
sub-021,ses-1,SIT,5,142.016,32,0,,sub-021_ses-1_event-005,kept,89.0105374901
sub-021,ses-1,SIT,6,163.1,32,0,,sub-021_ses-1_event-006,kept,119.0245602188
sub-021,ses-1,SIT,7,184.184,32,0,,sub-021_ses-1_event-007,kept,101.4392711648
sub-021,ses-1,SIT,8,205.284,32,0,,sub-021_ses-1_event-008,kept,113.7556418026
sub-021,ses-1,SIT,9,226.385,64,1,,sub-021_ses-1_event-009,kept,98.377238858
sub-021,ses-1,SIT,10,245.502,32,0,,sub-021_ses-1_event-010,kept,83.4889157197
sub-021,ses-1,SIT,11,266.569,64,1,,sub-021_ses-1_event-011,kept,80.735663448
sub-021,ses-1,SIT,12,285.686,32,0,,sub-021_ses-1_event-012,kept,96.1644154562
sub-021,ses-1,SIT,13,305.787,64,1,,sub-021_ses-1_event-013,kept,101.1502178628
sub-021,ses-1,SIT,14,324.838,64,1,,sub-021_ses-1_event-014,kept,107.0911250209
sub-021,ses-1,SIT,15,344.955,64,1,,sub-021_ses-1_event-015,kept,93.9995626189
sub-021,ses-1,SIT,16,366.089,32,0,,sub-021_ses-1_event-016,kept,116.6719949452
sub-021,ses-1,SIT,17,385.172,64,1,,sub-021_ses-1_event-017,kept,71.6427837699
sub-021,ses-1,SIT,18,404.323,64,1,,sub-021_ses-1_event-018,kept,111.6784080214
sub-021,ses-1,SIT,19,425.44,64,1,,sub-021_ses-1_event-019,kept,94.5428612182
sub-021,ses-1,SIT,20,444.524,64,1,,sub-021_ses-1_event-020,kept,115.771197026
sub-021,ses-1,SIT,21,463.008,64,1,,sub-021_ses-1_event-021,kept,94.7072171759
sub-021,ses-1,SIT,22,482.108,32,0,,sub-021_ses-1_event-022,kept,95.4177627905
sub-021,ses-1,SIT,23,502.209,64,1,,sub-021_ses-1_event-023,kept,77.9332703779
sub-021,ses-1,SIT,24,521.326,64,1,,sub-021_ses-1_event-024,kept,112.0739522178
sub-021,ses-1,SIT,25,541.427,32,0,,sub-021_ses-1_event-025,kept,102.6985450411
sub-021,ses-1,SIT,26,561.56,32,0,,sub-021_ses-1_event-026,kept,89.9556589405
sub-021,ses-1,SIT,27,581.711,32,0,,sub-021_ses-1_event-027,kept,96.3985627526
sub-021,ses-1,SIT,28,600.811,32,0,,sub-021_ses-1_event-028,kept,126.0590609459
sub-021,ses-1,SIT,29,620.912,32,0,,sub-021_ses-1_event-029,kept,80.731565977
sub-021,ses-1,SIT,30,639.979,64,1,,sub-021_ses-1_event-030,kept,83.8599134277
sub-021,ses-1,SIT,31,659.096,64,1,,sub-021_ses-1_event-031,kept,90.3508832219
sub-021,ses-1,SIT,32,678.23,32,0,,sub-021_ses-1_event-032,kept,50.4876495728
sub-021,ses-1,SIT,33,697.347,64,1,,sub-021_ses-1_event-033,kept,97.6704593385
sub-021,ses-1,SIT,34,716.464,64,1,,sub-021_ses-1_event-034,kept,83.0294534315
sub-021,ses-1,SIT,35,736.598,32,0,,sub-021_ses-1_event-035,kept,105.5537656019
sub-021,ses-1,SIT,36,755.716,64,1,,sub-021_ses-1_event-036,kept,82.2321594545
sub-021,ses-1,SIT,37,776.866,32,0,,sub-021_ses-1_event-037,kept,72.6509665536
sub-021,ses-1,SIT,38,796.967,32,0,,sub-021_ses-1_event-038,kept,69.3887793326
sub-021,ses-1,SIT,39,816.1,32,0,,sub-021_ses-1_event-039,kept,70.8024839398
sub-022,ses-1,SIT,0,17.42,64,1,,sub-022_ses-1_event-000,kept,79.6715156432
sub-022,ses-1,SIT,1,36.486,64,1,,sub-022_ses-1_event-001,kept,81.3169688017
sub-022,ses-1,SIT,2,57.537,32,0,,sub-022_ses-1_event-002,kept,56.3265551655
sub-022,ses-1,SIT,3,76.604,64,1,,sub-022_ses-1_event-003,kept,34.1272765455
sub-022,ses-1,SIT,4,95.688,32,0,,sub-022_ses-1_event-004,kept,25.0160799779
sub-022,ses-1,SIT,5,116.754,32,0,,sub-022_ses-1_event-005,kept,28.101301417
sub-022,ses-1,SIT,6,137.838,32,0,,sub-022_ses-1_event-006,kept,27.8814840921
sub-022,ses-1,SIT,7,158.923,32,0,,sub-022_ses-1_event-007,kept,32.8639465137
sub-022,ses-1,SIT,8,180.024,32,0,,sub-022_ses-1_event-008,kept,35.622131041
sub-022,ses-1,SIT,9,201.124,64,1,,sub-022_ses-1_event-009,kept,26.799664883
sub-022,ses-1,SIT,10,220.208,32,0,,sub-022_ses-1_event-010,kept,41.6564519649
sub-022,ses-1,SIT,11,241.325,64,1,,sub-022_ses-1_event-011,kept,26.8113859458
sub-022,ses-1,SIT,12,260.409,32,0,,sub-022_ses-1_event-012,kept,29.5611301045
sub-022,ses-1,SIT,13,280.526,64,1,,sub-022_ses-1_event-013,kept,35.1930327307
sub-022,ses-1,SIT,14,299.644,64,1,,sub-022_ses-1_event-014,kept,21.7517552007
sub-022,ses-1,SIT,15,319.727,64,1,,sub-022_ses-1_event-015,kept,29.8708416066
sub-022,ses-1,SIT,16,340.795,32,0,,sub-022_ses-1_event-016,kept,20.7905443885
sub-022,ses-1,SIT,17,359.395,64,1,,sub-022_ses-1_event-017,kept,30.6874701318
sub-022,ses-1,SIT,18,378.446,64,1,,sub-022_ses-1_event-018,kept,36.9448942451
sub-022,ses-1,SIT,19,399.128,64,1,,sub-022_ses-1_event-019,kept,32.0255347016
sub-022,ses-1,SIT,20,418.197,64,1,,sub-022_ses-1_event-020,kept,26.0331667322
sub-022,ses-1,SIT,21,437.28,64,1,,sub-022_ses-1_event-021,kept,30.71940708
sub-022,ses-1,SIT,22,456.331,32,0,,sub-022_ses-1_event-022,kept,23.1896330675
sub-022,ses-1,SIT,23,475.748,64,1,,sub-022_ses-1_event-023,kept,31.8396653614
sub-022,ses-1,SIT,24,494.149,64,1,,sub-022_ses-1_event-024,kept,32.9100750479
sub-022,ses-1,SIT,25,514.232,32,0,,sub-022_ses-1_event-025,kept,40.8442975269
sub-022,ses-1,SIT,26,534.333,32,0,,sub-022_ses-1_event-026,kept,32.8844404821
sub-022,ses-1,SIT,27,554.383,32,0,,sub-022_ses-1_event-027,kept,32.1573507516
sub-022,ses-1,SIT,28,573.484,32,0,,sub-022_ses-1_event-028,kept,22.1232240896
sub-022,ses-1,SIT,29,593.618,32,0,,sub-022_ses-1_event-029,kept,36.8729975027
sub-022,ses-1,SIT,30,612.752,64,1,,sub-022_ses-1_event-030,kept,32.9309395252
sub-022,ses-1,SIT,31,631.852,64,1,,sub-022_ses-1_event-031,kept,31.3661144134
sub-022,ses-1,SIT,32,650.969,32,0,,sub-022_ses-1_event-032,kept,30.8609054577
sub-022,ses-1,SIT,33,670.136,64,1,,sub-022_ses-1_event-033,kept,33.3034574143
sub-022,ses-1,SIT,34,687.887,64,1,,sub-022_ses-1_event-034,kept,27.2029497382
sub-022,ses-1,SIT,35,707.986,32,0,,sub-022_ses-1_event-035,kept,38.4959288712
sub-022,ses-1,SIT,36,727.104,64,1,,sub-022_ses-1_event-036,kept,29.0657747936
sub-022,ses-1,SIT,37,748.188,32,0,,sub-022_ses-1_event-037,kept,22.9316510236
sub-022,ses-1,SIT,38,768.255,32,0,,sub-022_ses-1_event-038,kept,25.8038080286
sub-022,ses-1,SIT,39,787.339,32,0,,sub-022_ses-1_event-039,kept,31.6556739935
sub-023,ses-1,SIT,0,30.194,64,1,,sub-023_ses-1_event-000,kept,47.7573490028
sub-023,ses-1,SIT,1,49.294,64,1,,sub-023_ses-1_event-001,kept,37.0907994962
sub-023,ses-1,SIT,2,65.744,32,0,,sub-023_ses-1_event-002,kept,36.4055896973
sub-023,ses-1,SIT,3,80.177,64,1,,sub-023_ses-1_event-003,kept,47.2847513951
sub-023,ses-1,SIT,4,94.644,32,0,,sub-023_ses-1_event-004,kept,55.99974095
sub-023,ses-1,SIT,5,111.078,32,0,,sub-023_ses-1_event-005,kept,45.7328242967
sub-023,ses-1,SIT,6,127.513,32,0,,sub-023_ses-1_event-006,kept,60.8632179257
sub-023,ses-1,SIT,7,143.947,32,0,,sub-023_ses-1_event-007,kept,38.9467254484
sub-023,ses-1,SIT,8,160.397,32,0,,sub-023_ses-1_event-008,kept,37.7848799387
sub-023,ses-1,SIT,9,176.831,64,1,,sub-023_ses-1_event-009,kept,46.0045927851
sub-023,ses-1,SIT,10,191.297,32,0,,sub-023_ses-1_event-010,kept,122.6775113306
sub-023,ses-1,SIT,11,207.731,64,1,,sub-023_ses-1_event-011,kept,60.1878591741
sub-023,ses-1,SIT,12,222.198,32,0,,sub-023_ses-1_event-012,kept,49.0796328788
sub-023,ses-1,SIT,13,237.648,64,1,,sub-023_ses-1_event-013,kept,76.7199567822
sub-023,ses-1,SIT,14,252.115,64,1,,sub-023_ses-1_event-014,kept,87.6558468124
sub-023,ses-1,SIT,15,267.599,64,1,,sub-023_ses-1_event-015,kept,141.4332439861
sub-023,ses-1,SIT,16,284.066,32,0,,sub-023_ses-1_event-016,kept,52.2549676844
sub-023,ses-1,SIT,17,298.516,64,1,,sub-023_ses-1_event-017,kept,60.9056477879
sub-023,ses-1,SIT,18,312.983,64,1,,sub-023_ses-1_event-018,kept,42.4380904607
sub-023,ses-1,SIT,19,329.451,64,1,,sub-023_ses-1_event-019,kept,68.7419655389
sub-023,ses-1,SIT,20,343.951,64,1,,sub-023_ses-1_event-020,kept,106.2732703732
sub-023,ses-1,SIT,21,358.419,64,1,,sub-023_ses-1_event-021,kept,60.3813891699
sub-023,ses-1,SIT,22,372.868,32,0,,sub-023_ses-1_event-022,kept,117.0118415511
sub-023,ses-1,SIT,23,388.286,64,1,,sub-023_ses-1_event-023,kept,64.3927379706
sub-023,ses-1,SIT,24,402.753,64,1,,sub-023_ses-1_event-024,kept,58.1532687149
sub-023,ses-1,SIT,25,418.22,32,0,,sub-023_ses-1_event-025,kept,60.0091074011
sub-023,ses-1,SIT,26,433.671,32,0,,sub-023_ses-1_event-026,kept,45.2141210656
sub-023,ses-1,SIT,27,449.121,32,0,,sub-023_ses-1_event-027,kept,52.3918797335
sub-023,ses-1,SIT,28,463.555,32,0,,sub-023_ses-1_event-028,kept,65.5087054439
sub-023,ses-1,SIT,29,478.971,32,0,,sub-023_ses-1_event-029,kept,45.9751987719
sub-023,ses-1,SIT,30,493.406,64,1,,sub-023_ses-1_event-030,kept,46.3886063464
sub-023,ses-1,SIT,31,507.855,64,1,,sub-023_ses-1_event-031,kept,54.0039661619
sub-023,ses-1,SIT,32,522.322,32,0,,sub-023_ses-1_event-032,kept,61.1434128571
sub-023,ses-1,SIT,33,536.773,64,1,,sub-023_ses-1_event-033,kept,78.3849732088
sub-023,ses-1,SIT,34,551.24,64,1,,sub-023_ses-1_event-034,kept,138.87477146290001
sub-023,ses-1,SIT,35,566.707,32,0,,sub-023_ses-1_event-035,kept,61.1546579488
sub-023,ses-1,SIT,36,581.141,64,1,,sub-023_ses-1_event-036,kept,66.1451163777
sub-023,ses-1,SIT,37,597.592,32,0,,sub-023_ses-1_event-037,kept,53.4599648334
sub-023,ses-1,SIT,38,613.042,32,0,,sub-023_ses-1_event-038,kept,107.9830240735
sub-023,ses-1,SIT,39,627.476,32,0,,sub-023_ses-1_event-039,kept,63.7408453138
sub-024,ses-1,SIT,0,14.462,64,1,,sub-024_ses-1_event-000,kept,22.8363959677
sub-024,ses-1,SIT,1,33.595,64,1,,sub-024_ses-1_event-001,kept,31.8357574698
sub-024,ses-1,SIT,2,54.679,32,0,,sub-024_ses-1_event-002,kept,76.7282240173
sub-024,ses-1,SIT,3,73.78,64,1,,sub-024_ses-1_event-003,kept,30.2699489248
sub-024,ses-1,SIT,4,92.88,32,0,,sub-024_ses-1_event-004,kept,75.4223059591
sub-024,ses-1,SIT,5,113.998,32,0,,sub-024_ses-1_event-005,kept,75.982509235
sub-024,ses-1,SIT,6,135.065,32,0,,sub-024_ses-1_event-006,kept,26.296255552
sub-024,ses-1,SIT,7,156.164,32,0,,sub-024_ses-1_event-007,kept,29.5116395417
sub-024,ses-1,SIT,8,177.282,32,0,,sub-024_ses-1_event-008,kept,43.2431405055
sub-024,ses-1,SIT,9,198.383,64,1,,sub-024_ses-1_event-009,kept,81.9227176722
sub-024,ses-1,SIT,10,217.45,32,0,,sub-024_ses-1_event-010,kept,23.3197190496
sub-024,ses-1,SIT,11,238.534,64,1,,sub-024_ses-1_event-011,kept,59.8260689879
sub-024,ses-1,SIT,12,257.634,32,0,,sub-024_ses-1_event-012,kept,25.2400333669
sub-024,ses-1,SIT,13,277.717,64,1,,sub-024_ses-1_event-013,kept,58.9713419133
sub-024,ses-1,SIT,14,296.802,64,1,,sub-024_ses-1_event-014,kept,68.5687388321
sub-024,ses-1,SIT,15,316.868,64,1,,sub-024_ses-1_event-015,kept,47.5903535958
sub-024,ses-1,SIT,16,337.952,32,0,,sub-024_ses-1_event-016,kept,42.6096837221
sub-024,ses-1,SIT,17,357.036,64,1,,sub-024_ses-1_event-017,kept,81.3720277925
sub-024,ses-1,SIT,18,376.104,64,1,,sub-024_ses-1_event-018,kept,73.2354614741
sub-024,ses-1,SIT,19,397.205,64,1,,sub-024_ses-1_event-019,kept,78.7488674147
sub-024,ses-1,SIT,20,416.288,64,1,,sub-024_ses-1_event-020,kept,74.4775485802
sub-024,ses-1,SIT,21,435.388,64,1,,sub-024_ses-1_event-021,kept,49.7726111759
sub-024,ses-1,SIT,22,454.473,32,0,,sub-024_ses-1_event-022,kept,48.8699295142
sub-024,ses-1,SIT,23,474.574,64,1,,sub-024_ses-1_event-023,kept,71.8248900811
sub-024,ses-1,SIT,24,493.657,64,1,,sub-024_ses-1_event-024,kept,34.2649130429
sub-024,ses-1,SIT,25,513.758,32,0,,sub-024_ses-1_event-025,kept,34.966039716
sub-024,ses-1,SIT,26,533.858,32,0,,sub-024_ses-1_event-026,kept,43.4266593919
sub-024,ses-1,SIT,27,553.959,32,0,,sub-024_ses-1_event-027,kept,28.0359266719
sub-024,ses-1,SIT,28,573.042,32,0,,sub-024_ses-1_event-028,kept,78.7852930167
sub-024,ses-1,SIT,29,593.142,32,0,,sub-024_ses-1_event-029,kept,74.5720029983
sub-024,ses-1,SIT,30,612.243,64,1,,sub-024_ses-1_event-030,kept,121.4840542606
sub-024,ses-1,SIT,31,631.361,64,1,,sub-024_ses-1_event-031,kept,30.9186785049
sub-024,ses-1,SIT,32,650.46,32,0,,sub-024_ses-1_event-032,kept,77.878549938
sub-024,ses-1,SIT,33,669.611,64,1,,sub-024_ses-1_event-033,kept,81.6847116405
sub-024,ses-1,SIT,34,688.712,64,1,,sub-024_ses-1_event-034,kept,74.1235733675
sub-024,ses-1,SIT,35,708.796,32,0,,sub-024_ses-1_event-035,kept,29.9237507553
sub-024,ses-1,SIT,36,727.897,64,1,,sub-024_ses-1_event-036,kept,65.789361719
sub-024,ses-1,SIT,37,749.013,32,0,,sub-024_ses-1_event-037,kept,27.3842091549
sub-024,ses-1,SIT,38,769.148,32,0,,sub-024_ses-1_event-038,kept,67.8438005874
sub-024,ses-1,SIT,39,788.248,32,0,,sub-024_ses-1_event-039,kept,67.5214839211
sub-025,ses-1,SIT,0,64.962,64,1,,sub-025_ses-1_event-000,kept,31.4129870336
sub-025,ses-1,SIT,1,84.046,64,1,,sub-025_ses-1_event-001,kept,27.572158309
sub-025,ses-1,SIT,2,105.13,32,0,,sub-025_ses-1_event-002,kept,71.4820563841
sub-025,ses-1,SIT,3,124.23,64,1,,sub-025_ses-1_event-003,kept,39.6805374163
sub-025,ses-1,SIT,4,143.348,32,0,,sub-025_ses-1_event-004,kept,50.6026799621
sub-025,ses-1,SIT,5,164.465,32,0,,sub-025_ses-1_event-005,kept,61.0281826053
sub-025,ses-1,SIT,6,185.515,32,0,,sub-025_ses-1_event-006,kept,34.9673224274
sub-025,ses-1,SIT,7,206.565,32,0,,sub-025_ses-1_event-007,kept,28.823705697
sub-025,ses-1,SIT,8,227.617,32,0,,sub-025_ses-1_event-008,kept,29.0489737075
sub-025,ses-1,SIT,9,248.75,64,1,,sub-025_ses-1_event-009,kept,28.3423168505
sub-025,ses-1,SIT,10,267.834,32,0,,sub-025_ses-1_event-010,kept,36.2801962503
sub-025,ses-1,SIT,11,288.901,64,1,,sub-025_ses-1_event-011,kept,25.4641954118
sub-025,ses-1,SIT,12,308.002,32,0,,sub-025_ses-1_event-012,kept,28.101674911899998
sub-025,ses-1,SIT,13,328.085,64,1,,sub-025_ses-1_event-013,kept,23.5480000782
sub-025,ses-1,SIT,14,347.17,64,1,,sub-025_ses-1_event-014,kept,52.9965739164
sub-025,ses-1,SIT,15,367.286,64,1,,sub-025_ses-1_event-015,kept,36.8608396971
sub-025,ses-1,SIT,16,388.404,32,0,,sub-025_ses-1_event-016,kept,32.1141523177
sub-025,ses-1,SIT,17,407.455,64,1,,sub-025_ses-1_event-017,kept,34.5268643715
sub-025,ses-1,SIT,18,426.539,64,1,,sub-025_ses-1_event-018,kept,54.0261943846
sub-025,ses-1,SIT,19,447.638,64,1,,sub-025_ses-1_event-019,kept,50.6154780921
sub-025,ses-1,SIT,20,466.723,64,1,,sub-025_ses-1_event-020,kept,31.9829145902
sub-025,ses-1,SIT,21,485.807,64,1,,sub-025_ses-1_event-021,kept,62.5292564589
sub-025,ses-1,SIT,22,504.923,32,0,,sub-025_ses-1_event-022,kept,35.4316136013
sub-025,ses-1,SIT,23,525.023,64,1,,sub-025_ses-1_event-023,kept,32.8585883534
sub-025,ses-1,SIT,24,544.108,64,1,,sub-025_ses-1_event-024,kept,60.5637292128
sub-025,ses-1,SIT,25,564.209,32,0,,sub-025_ses-1_event-025,kept,21.7774975391
sub-025,ses-1,SIT,26,584.292,32,0,,sub-025_ses-1_event-026,kept,30.4508753409
sub-025,ses-1,SIT,27,604.377,32,0,,sub-025_ses-1_event-027,kept,53.0789101536
sub-025,ses-1,SIT,28,623.476,32,0,,sub-025_ses-1_event-028,kept,24.3513424866
sub-025,ses-1,SIT,29,643.578,32,0,,sub-025_ses-1_event-029,kept,29.6254951674
sub-025,ses-1,SIT,30,662.644,64,1,,sub-025_ses-1_event-030,kept,39.0047221793
sub-025,ses-1,SIT,31,681.729,64,1,,sub-025_ses-1_event-031,kept,26.5034944034
sub-025,ses-1,SIT,32,700.779,32,0,,sub-025_ses-1_event-032,kept,52.986875381
sub-025,ses-1,SIT,33,719.863,64,1,,sub-025_ses-1_event-033,kept,24.420939252
sub-025,ses-1,SIT,34,738.946,64,1,,sub-025_ses-1_event-034,kept,54.6807529134
sub-025,ses-1,SIT,35,759.064,32,0,,sub-025_ses-1_event-035,kept,31.0237679889
sub-025,ses-1,SIT,36,778.131,64,1,,sub-025_ses-1_event-036,kept,47.7707145035
sub-025,ses-1,SIT,37,799.215,32,0,,sub-025_ses-1_event-037,kept,53.5935833518
sub-025,ses-1,SIT,38,819.299,32,0,,sub-025_ses-1_event-038,kept,68.83744896
sub-025,ses-1,SIT,39,838.416,32,0,,sub-025_ses-1_event-039,kept,63.5347470677
sub-026,ses-1,SIT,0,33.363,64,1,,sub-026_ses-1_event-000,kept,39.6803599376
sub-026,ses-1,SIT,1,52.496,64,1,,sub-026_ses-1_event-001,kept,52.7186875888
sub-026,ses-1,SIT,2,73.564,32,0,,sub-026_ses-1_event-002,kept,45.4164522664
sub-026,ses-1,SIT,3,92.681,64,1,,sub-026_ses-1_event-003,kept,62.8241826317
sub-026,ses-1,SIT,4,111.815,32,0,,sub-026_ses-1_event-004,kept,37.4412159885
sub-026,ses-1,SIT,5,132.949,32,0,,sub-026_ses-1_event-005,kept,25.6342777539
sub-026,ses-1,SIT,6,154.065,32,0,,sub-026_ses-1_event-006,kept,41.0080055265
sub-026,ses-1,SIT,7,175.167,32,0,,sub-026_ses-1_event-007,kept,37.9125001344
sub-026,ses-1,SIT,8,196.283,32,0,,sub-026_ses-1_event-008,kept,34.9237506591
sub-026,ses-1,SIT,9,217.434,64,1,,sub-026_ses-1_event-009,kept,34.6024214692
sub-026,ses-1,SIT,10,236.601,32,0,,sub-026_ses-1_event-010,kept,41.9768714235
sub-026,ses-1,SIT,11,257.719,64,1,,sub-026_ses-1_event-011,kept,53.0376445706
sub-026,ses-1,SIT,12,276.12,32,0,,sub-026_ses-1_event-012,kept,50.5865391409
sub-026,ses-1,SIT,13,296.236,64,1,,sub-026_ses-1_event-013,kept,34.4449365672
sub-026,ses-1,SIT,14,315.321,64,1,,sub-026_ses-1_event-014,kept,35.8447939445
sub-026,ses-1,SIT,15,335.404,64,1,,sub-026_ses-1_event-015,kept,34.9556554769
sub-026,ses-1,SIT,16,356.538,32,0,,sub-026_ses-1_event-016,kept,69.3750566337
sub-026,ses-1,SIT,17,375.638,64,1,,sub-026_ses-1_event-017,kept,29.7524936942
sub-026,ses-1,SIT,18,394.723,64,1,,sub-026_ses-1_event-018,kept,48.9121983368
sub-026,ses-1,SIT,19,415.807,64,1,,sub-026_ses-1_event-019,kept,62.7396941256
sub-026,ses-1,SIT,20,434.49,64,1,,sub-026_ses-1_event-020,kept,48.3129361236
sub-026,ses-1,SIT,21,453.174,64,1,,sub-026_ses-1_event-021,kept,32.7865748981
sub-026,ses-1,SIT,22,472.275,32,0,,sub-026_ses-1_event-022,kept,46.3165009239
sub-026,ses-1,SIT,23,492.375,64,1,,sub-026_ses-1_event-023,kept,42.7826364992
sub-026,ses-1,SIT,24,511.492,64,1,,sub-026_ses-1_event-024,kept,49.6361418404
sub-026,ses-1,SIT,25,531.575,32,0,,sub-026_ses-1_event-025,kept,50.7233375033
sub-026,ses-1,SIT,26,551.71,32,0,,sub-026_ses-1_event-026,kept,47.8868701083
sub-026,ses-1,SIT,27,571.844,32,0,,sub-026_ses-1_event-027,kept,49.2893719425
sub-026,ses-1,SIT,28,590.927,32,0,,sub-026_ses-1_event-028,kept,39.3869373754
sub-026,ses-1,SIT,29,611.028,32,0,,sub-026_ses-1_event-029,kept,39.9565446033
sub-026,ses-1,SIT,30,630.146,64,1,,sub-026_ses-1_event-030,kept,44.471955621
sub-026,ses-1,SIT,31,649.246,64,1,,sub-026_ses-1_event-031,kept,46.8282327486
sub-026,ses-1,SIT,32,668.312,32,0,,sub-026_ses-1_event-032,kept,48.2651664944
sub-026,ses-1,SIT,33,686.097,64,1,,sub-026_ses-1_event-033,kept,42.7104392384
sub-026,ses-1,SIT,34,705.18,64,1,,sub-026_ses-1_event-034,kept,30.1682504632
sub-026,ses-1,SIT,35,725.281,32,0,,sub-026_ses-1_event-035,kept,42.6210677551
sub-026,ses-1,SIT,36,744.432,64,1,,sub-026_ses-1_event-036,kept,54.0526838934
sub-026,ses-1,SIT,37,763.848,32,0,,sub-026_ses-1_event-037,kept,33.9504956005
sub-026,ses-1,SIT,38,783.933,32,0,,sub-026_ses-1_event-038,kept,20.2167527319
sub-026,ses-1,SIT,39,803.016,32,0,,sub-026_ses-1_event-039,kept,44.000363471
sub-027,ses-1,SIT,0,12.317,64,1,,sub-027_ses-1_event-000,kept,78.3098179561
sub-027,ses-1,SIT,1,31.384,64,1,,sub-027_ses-1_event-001,kept,94.6082635399
sub-027,ses-1,SIT,2,52.468,32,0,,sub-027_ses-1_event-002,kept,81.4193600746
sub-027,ses-1,SIT,3,70.519,64,1,,sub-027_ses-1_event-003,kept,80.6150670456
sub-027,ses-1,SIT,4,89.586,32,0,,sub-027_ses-1_event-004,kept,89.1156197192
sub-027,ses-1,SIT,5,109.653,32,0,,sub-027_ses-1_event-005,kept,27.0007678921
sub-027,ses-1,SIT,6,129.687,32,0,,sub-027_ses-1_event-006,kept,66.6163713973
sub-027,ses-1,SIT,7,149.737,32,0,,sub-027_ses-1_event-007,kept,62.7730782032
sub-027,ses-1,SIT,8,170.788,32,0,,sub-027_ses-1_event-008,kept,79.0489788934
sub-027,ses-1,SIT,9,191.838,64,1,,sub-027_ses-1_event-009,kept,93.6203842307
sub-027,ses-1,SIT,10,210.189,32,0,,sub-027_ses-1_event-010,kept,74.4844124074
sub-027,ses-1,SIT,11,230.539,64,1,,sub-027_ses-1_event-011,kept,84.6753991177
sub-027,ses-1,SIT,12,249.64,32,0,,sub-027_ses-1_event-012,kept,82.6320864612
sub-027,ses-1,SIT,13,269.707,64,1,,sub-027_ses-1_event-013,kept,58.2932755613
sub-027,ses-1,SIT,14,288.808,64,1,,sub-027_ses-1_event-014,kept,78.816328873
sub-027,ses-1,SIT,15,308.875,64,1,,sub-027_ses-1_event-015,kept,74.2410438417
sub-027,ses-1,SIT,16,329.975,32,0,,sub-027_ses-1_event-016,kept,79.1729846687
sub-027,ses-1,SIT,17,349.043,64,1,,sub-027_ses-1_event-017,kept,81.5124075748
sub-027,ses-1,SIT,18,368.144,64,1,,sub-027_ses-1_event-018,kept,85.1192932393
sub-027,ses-1,SIT,19,389.228,64,1,,sub-027_ses-1_event-019,kept,86.0964946729
sub-027,ses-1,SIT,20,408.311,64,1,,sub-027_ses-1_event-020,kept,69.0496326828
sub-027,ses-1,SIT,21,427.395,64,1,,sub-027_ses-1_event-021,kept,87.2044390406
sub-027,ses-1,SIT,22,446.496,32,0,,sub-027_ses-1_event-022,kept,87.1773858588
sub-027,ses-1,SIT,23,466.596,64,1,,sub-027_ses-1_event-023,kept,106.6069339238
sub-027,ses-1,SIT,24,485.696,64,1,,sub-027_ses-1_event-024,kept,86.4490669575
sub-027,ses-1,SIT,25,505.797,32,0,,sub-027_ses-1_event-025,kept,56.6907575516
sub-027,ses-1,SIT,26,525.447,32,0,,sub-027_ses-1_event-026,kept,94.8772631708
sub-027,ses-1,SIT,27,545.532,32,0,,sub-027_ses-1_event-027,kept,65.314605054
sub-027,ses-1,SIT,28,564.615,32,0,,sub-027_ses-1_event-028,kept,42.4160644631
sub-027,ses-1,SIT,29,584.665,32,0,,sub-027_ses-1_event-029,kept,59.0525720987
sub-027,ses-1,SIT,30,603.766,64,1,,sub-027_ses-1_event-030,kept,81.5904152327
sub-027,ses-1,SIT,31,622.866,64,1,,sub-027_ses-1_event-031,kept,87.9281060929
sub-027,ses-1,SIT,32,641.95,32,0,,sub-027_ses-1_event-032,kept,88.8068287662
sub-027,ses-1,SIT,33,661.017,64,1,,sub-027_ses-1_event-033,kept,82.728343864
sub-027,ses-1,SIT,34,680.169,64,1,,sub-027_ses-1_event-034,kept,72.1412495752
sub-027,ses-1,SIT,35,700.252,32,0,,sub-027_ses-1_event-035,kept,65.5938301505
sub-027,ses-1,SIT,36,719.352,64,1,,sub-027_ses-1_event-036,kept,33.7944163046
sub-027,ses-1,SIT,37,740.453,32,0,,sub-027_ses-1_event-037,kept,52.6616109484
sub-027,ses-1,SIT,38,760.553,32,0,,sub-027_ses-1_event-038,kept,81.919375767
sub-027,ses-1,SIT,39,779.638,32,0,,sub-027_ses-1_event-039,kept,74.1212825885
sub-028,ses-1,SIT,0,17.621,64,1,,sub-028_ses-1_event-000,kept,23.6231848724
sub-028,ses-1,SIT,1,36.788,64,1,,sub-028_ses-1_event-001,kept,54.983120484
sub-028,ses-1,SIT,2,57.906,32,0,,sub-028_ses-1_event-002,kept,52.3199337148
sub-028,ses-1,SIT,3,77.039,64,1,,sub-028_ses-1_event-003,kept,38.0608833545
sub-028,ses-1,SIT,4,96.123,32,0,,sub-028_ses-1_event-004,kept,47.7717857832
sub-028,ses-1,SIT,5,117.207,32,0,,sub-028_ses-1_event-005,kept,50.6842693586
sub-028,ses-1,SIT,6,138.341,32,0,,sub-028_ses-1_event-006,kept,44.4079147723
sub-028,ses-1,SIT,7,159.508,32,0,,sub-028_ses-1_event-007,kept,58.7454619184
sub-028,ses-1,SIT,8,180.626,32,0,,sub-028_ses-1_event-008,kept,32.6475296614
sub-028,ses-1,SIT,9,201.759,64,1,,sub-028_ses-1_event-009,kept,52.0483913431
sub-028,ses-1,SIT,10,220.843,32,0,,sub-028_ses-1_event-010,kept,41.5507201326
sub-028,ses-1,SIT,11,241.961,64,1,,sub-028_ses-1_event-011,kept,49.7442174437
sub-028,ses-1,SIT,12,261.111,32,0,,sub-028_ses-1_event-012,kept,52.6321470346
sub-028,ses-1,SIT,13,281.245,64,1,,sub-028_ses-1_event-013,kept,36.3721792544
sub-028,ses-1,SIT,14,300.345,64,1,,sub-028_ses-1_event-014,kept,27.1541432155
sub-028,ses-1,SIT,15,320.446,64,1,,sub-028_ses-1_event-015,kept,53.5785223165
sub-028,ses-1,SIT,16,341.547,32,0,,sub-028_ses-1_event-016,kept,37.5247281341
sub-028,ses-1,SIT,17,360.697,64,1,,sub-028_ses-1_event-017,kept,42.7148222178
sub-028,ses-1,SIT,18,379.814,64,1,,sub-028_ses-1_event-018,kept,54.6500601036
sub-028,ses-1,SIT,19,400.965,64,1,,sub-028_ses-1_event-019,kept,31.6957059339
sub-028,ses-1,SIT,20,420.065,64,1,,sub-028_ses-1_event-020,kept,46.2843250091
sub-028,ses-1,SIT,21,439.166,64,1,,sub-028_ses-1_event-021,kept,43.6830114158
sub-028,ses-1,SIT,22,458.266,32,0,,sub-028_ses-1_event-022,kept,54.7093612778
sub-028,ses-1,SIT,23,478.367,64,1,,sub-028_ses-1_event-023,kept,37.8014506188
sub-028,ses-1,SIT,24,497.484,64,1,,sub-028_ses-1_event-024,kept,42.5204576072
sub-028,ses-1,SIT,25,517.568,32,0,,sub-028_ses-1_event-025,kept,46.732856715
sub-028,ses-1,SIT,26,537.702,32,0,,sub-028_ses-1_event-026,kept,36.0580652667
sub-028,ses-1,SIT,27,557.852,32,0,,sub-028_ses-1_event-027,kept,47.1070234077
sub-028,ses-1,SIT,28,576.969,32,0,,sub-028_ses-1_event-028,kept,45.0625435776
sub-028,ses-1,SIT,29,597.103,32,0,,sub-028_ses-1_event-029,kept,34.9276053383
sub-028,ses-1,SIT,30,616.27,64,1,,sub-028_ses-1_event-030,kept,37.5056688433
sub-028,ses-1,SIT,31,635.421,64,1,,sub-028_ses-1_event-031,kept,52.9081423178
sub-028,ses-1,SIT,32,654.555,32,0,,sub-028_ses-1_event-032,kept,54.5254512012
sub-028,ses-1,SIT,33,669.489,64,1,,sub-028_ses-1_event-033,kept,53.4440593288
sub-028,ses-1,SIT,34,684.406,64,1,,sub-028_ses-1_event-034,kept,22.5936349694
sub-028,ses-1,SIT,35,700.323,32,0,,sub-028_ses-1_event-035,kept,33.5994487404
sub-028,ses-1,SIT,36,715.256,64,1,,sub-028_ses-1_event-036,kept,28.6070482439
sub-028,ses-1,SIT,37,732.174,32,0,,sub-028_ses-1_event-037,kept,50.4333399889
sub-028,ses-1,SIT,38,748.107,32,0,,sub-028_ses-1_event-038,kept,43.6742174288
sub-028,ses-1,SIT,39,767.258,32,0,,sub-028_ses-1_event-039,kept,48.900801781
sub-029,ses-1,SIT,0,22.538,64,1,,sub-029_ses-1_event-000,kept,41.9399522531
sub-029,ses-1,SIT,1,41.638,64,1,,sub-029_ses-1_event-001,kept,45.4368936648
sub-029,ses-1,SIT,2,62.706,32,0,,sub-029_ses-1_event-002,kept,103.2095501123
sub-029,ses-1,SIT,3,81.806,64,1,,sub-029_ses-1_event-003,kept,32.4723640801
sub-029,ses-1,SIT,4,100.857,32,0,,sub-029_ses-1_event-004,kept,36.99571788
sub-029,ses-1,SIT,5,121.925,32,0,,sub-029_ses-1_event-005,kept,28.7252426382
sub-029,ses-1,SIT,6,143.025,32,0,,sub-029_ses-1_event-006,kept,40.7232577592
sub-029,ses-1,SIT,7,164.108,32,0,,sub-029_ses-1_event-007,kept,36.2805557068
sub-029,ses-1,SIT,8,185.209,32,0,,sub-029_ses-1_event-008,kept,40.2432805979
sub-029,ses-1,SIT,9,206.293,64,1,,sub-029_ses-1_event-009,kept,47.4285908695
sub-029,ses-1,SIT,10,224.877,32,0,,sub-029_ses-1_event-010,kept,50.8597145753
sub-029,ses-1,SIT,11,245.96,64,1,,sub-029_ses-1_event-011,kept,60.4568504572
sub-029,ses-1,SIT,12,265.028,32,0,,sub-029_ses-1_event-012,kept,76.0487586064
sub-029,ses-1,SIT,13,284.728,64,1,,sub-029_ses-1_event-013,kept,36.3540038454
sub-029,ses-1,SIT,14,303.779,64,1,,sub-029_ses-1_event-014,kept,74.7178989889
sub-029,ses-1,SIT,15,323.446,64,1,,sub-029_ses-1_event-015,kept,35.5471960503
sub-029,ses-1,SIT,16,344.53,32,0,,sub-029_ses-1_event-016,kept,28.2469939082
sub-029,ses-1,SIT,17,363.597,64,1,,sub-029_ses-1_event-017,kept,53.115172712
sub-029,ses-1,SIT,18,382.664,64,1,,sub-029_ses-1_event-018,kept,50.0402756054
sub-029,ses-1,SIT,19,403.749,64,1,,sub-029_ses-1_event-019,kept,63.2087356694
sub-029,ses-1,SIT,20,422.165,64,1,,sub-029_ses-1_event-020,kept,43.3408015318
sub-029,ses-1,SIT,21,441.25,64,1,,sub-029_ses-1_event-021,kept,102.347629985
sub-029,ses-1,SIT,22,460.333,32,0,,sub-029_ses-1_event-022,kept,36.2389985975
sub-029,ses-1,SIT,23,480.401,64,1,,sub-029_ses-1_event-023,kept,50.8703919445
sub-029,ses-1,SIT,24,499.5,64,1,,sub-029_ses-1_event-024,kept,38.074495166
sub-029,ses-1,SIT,25,519.569,32,0,,sub-029_ses-1_event-025,kept,55.8273785436
sub-029,ses-1,SIT,26,539.685,32,0,,sub-029_ses-1_event-026,kept,69.3726383978
sub-029,ses-1,SIT,27,559.753,32,0,,sub-029_ses-1_event-027,kept,87.4956715925
sub-029,ses-1,SIT,28,578.819,32,0,,sub-029_ses-1_event-028,kept,82.7976311447
sub-029,ses-1,SIT,29,598.936,32,0,,sub-029_ses-1_event-029,kept,56.9628030654
sub-029,ses-1,SIT,30,618.054,64,1,,sub-029_ses-1_event-030,kept,88.9847553245
sub-029,ses-1,SIT,31,637.154,64,1,,sub-029_ses-1_event-031,kept,106.7618065305
sub-029,ses-1,SIT,32,656.221,32,0,,sub-029_ses-1_event-032,kept,44.6641581681
sub-029,ses-1,SIT,33,675.305,64,1,,sub-029_ses-1_event-033,kept,111.6724528261
sub-029,ses-1,SIT,34,694.389,64,1,,sub-029_ses-1_event-034,kept,37.1768808529
sub-029,ses-1,SIT,35,714.473,32,0,,sub-029_ses-1_event-035,kept,38.3554637835
sub-029,ses-1,SIT,36,733.59,64,1,,sub-029_ses-1_event-036,kept,78.3646933657
sub-029,ses-1,SIT,37,754.707,32,0,,sub-029_ses-1_event-037,kept,36.5158740658
sub-029,ses-1,SIT,38,774.791,32,0,,sub-029_ses-1_event-038,kept,38.7948777713
sub-029,ses-1,SIT,39,793.909,32,0,,sub-029_ses-1_event-039,kept,82.9948949574
